,PassengerId,Survived,Pclass,Name,Sex,Age,SibSp,Parch,Ticket,Fare,Embarked
0,1,0,3,108,1,-0.09721078445804607,0.0596240179573513,-0.06359895248784138,523,-0.048707370121739375,2
1,2,1,1,190,0,0.1038447571353191,0.0596240179573513,-0.06359895248784138,596,0.07627730769869326,0
2,3,1,3,353,0,-0.046946899059704776,-0.0653759820426487,-0.06359895248784138,669,-0.047389857865947585,2
3,4,1,1,272,0,0.06614684308656313,0.0596240179573513,-0.06359895248784138,49,0.04078586977167291,2
4,5,0,3,15,1,0.06614684308656313,-0.0653759820426487,-0.06359895248784138,472,-0.04714587411487504,2
5,6,0,3,554,1,0.012447981458157483,-0.0653759820426487,-0.06359895248784138,275,-0.04634892559037165,1
6,7,0,1,515,1,0.3049002987286843,-0.0653759820426487,-0.06359895248784138,85,0.03837043063605463,2
7,8,0,3,624,1,-0.34853021144975255,0.3096240179573513,0.10306771417882528,395,-0.02172276725311506,2
8,9,1,3,412,0,-0.03438092771011945,-0.0653759820426487,0.26973438084549195,344,-0.041127673317419025,2
9,10,1,2,576,0,-0.19773855525472867,0.0596240179573513,-0.06359895248784138,132,-0.004164135029927315,0
10,11,1,3,727,0,-0.32339826875058186,0.0596240179573513,0.10306771417882528,616,-0.0302621985406544,2
11,12,1,1,95,0,0.35516418412702555,-0.0653759820426487,-0.06359895248784138,38,-0.011036278956137255,2
12,13,0,3,729,1,-0.12234272715721671,-0.0653759820426487,-0.06359895248784138,535,-0.04714587411487504,2
13,14,0,3,28,1,0.11641072848490443,0.0596240179573513,0.7697343808454921,333,-0.0018136931655947724,2
14,15,0,3,840,0,-0.19773855525472867,-0.0653759820426487,-0.06359895248784138,413,-0.047528050262555084,2
15,16,1,2,359,0,0.3174662700782696,-0.0653759820426487,-0.06359895248784138,153,-0.031628507546660696,2
16,17,0,3,682,1,-0.34853021144975255,0.4346240179573513,0.10306771417882528,480,-0.0060102136840426736,1
17,18,1,2,867,1,0.012447981458157483,-0.0653759820426487,-0.06359895248784138,151,-0.037484117572401957,2
18,19,0,3,839,0,0.01588295768822184,0.0596240179573513,-0.06359895248784138,301,-0.02772476752949985,2
19,20,1,3,512,0,-0.022874157010690743,-0.0653759820426487,-0.06359895248784138,184,-0.04875616687195388,0
20,21,0,2,273,1,0.06614684308656313,-0.0653759820426487,-0.06359895248784138,139,-0.012109807460856489,2
21,22,1,2,80,1,0.053580871736977814,-0.0653759820426487,-0.06359895248784138,152,-0.037484117572401957,2
22,23,1,3,523,0,-0.18517258390514332,-0.0653759820426487,-0.06359895248784138,278,-0.04718647301105351,1
23,24,1,1,765,1,-0.021814956360534127,-0.0653759820426487,-0.06359895248784138,42,0.006432957620657507,2
24,25,0,3,626,0,-0.2731343833522406,0.3096240179573513,0.10306771417882528,395,-0.02172276725311506,2
25,26,1,3,44,0,0.1038447571353191,0.0596240179573513,0.7697343808454921,329,-0.0015941077896294738,2
26,27,0,3,240,1,0.012447981458157483,-0.0653759820426487,-0.06359895248784138,179,-0.04875616687195388,0
27,28,0,1,260,1,-0.13490869850680204,0.3096240179573513,0.26973438084549195,95,0.4504833845727032,2
28,29,1,3,605,0,-0.022874157010690743,-0.0653759820426487,-0.06359895248784138,283,-0.04747925351234057,1
29,30,0,3,813,1,0.012447981458157483,-0.0653759820426487,-0.06359895248784138,362,-0.047446852470198135,2
30,31,0,1,828,1,0.12897669983448976,-0.0653759820426487,-0.06359895248784138,598,-0.0087510295500913,0
31,32,1,1,776,0,-0.022874157010690743,0.0596240179573513,-0.06359895248784138,586,0.22313112746926267,0
32,33,1,3,289,0,-0.022874157010690743,-0.0653759820426487,-0.06359895248784138,288,-0.047731435117449164,1
33,34,0,2,856,1,0.4556919549237082,-0.0653759820426487,-0.06359895248784138,549,-0.042363792593853006,2
34,35,0,1,535,1,-0.021814956360534127,0.0596240179573513,-0.06359895248784138,600,0.0975282924171126,0
35,36,0,1,372,1,0.15410864253366038,0.0596240179573513,-0.06359895248784138,43,0.038638812762234444,2
36,37,1,3,505,1,0.012447981458157483,-0.0653759820426487,-0.06359895248784138,202,-0.04874796901791785,0
37,38,0,3,134,1,-0.1097767558076314,-0.0653759820426487,-0.06359895248784138,514,-0.04714587411487504,2
38,39,0,3,837,0,-0.14747466985638735,0.18462401795735128,-0.06359895248784138,302,-0.02772476752949985,2
39,40,1,3,589,0,-0.19773855525472867,0.0596240179573513,-0.06359895248784138,186,-0.04091609060848891,0
40,41,0,3,7,0,0.12897669983448976,0.0596240179573513,-0.06359895248784138,507,-0.044364459352647934,2
41,42,0,2,827,0,-0.03438092771011945,0.0596240179573513,-0.06359895248784138,53,-0.02186915750375859,2
42,43,0,3,446,1,0.012447981458157483,-0.0653759820426487,-0.06359895248784138,391,-0.047446852470198135,0
43,44,1,2,456,0,-0.33596424010016723,0.0596240179573513,0.26973438084549195,634,0.0182987657768196,0
44,45,1,3,212,0,-0.13490869850680204,-0.0653759820426487,-0.06359895248784138,282,-0.04747925351234057,1
45,46,0,3,697,1,0.012447981458157483,-0.0653759820426487,-0.06359895248784138,617,-0.04714587411487504,2
46,47,0,3,473,1,0.012447981458157483,0.0596240179573513,-0.06359895248784138,462,-0.0326044425509509,1
47,48,1,3,604,0,-0.022874157010690743,-0.0653759820426487,-0.06359895248784138,76,-0.047731435117449164,1
48,49,0,3,726,1,0.012447981458157483,0.18462401795735128,-0.06359895248784138,190,-0.020543447393930766,0
49,50,0,3,38,0,-0.14747466985638735,0.0596240179573513,-0.06359895248784138,377,-0.028115141531215936,2
50,51,0,3,629,1,-0.2857003547018259,0.4346240179573513,0.10306771417882528,249,0.014606413281588017,2
51,52,0,3,594,1,-0.1097767558076314,-0.0653759820426487,-0.06359895248784138,522,-0.04763384161702014,2
52,53,1,1,333,0,0.24207044198075767,0.0596240179573513,-0.06359895248784138,587,0.0869069965784214,0
53,54,1,2,246,0,-0.009248985010948804,0.0596240179573513,-0.06359895248784138,239,-0.012109807460856489,2
54,55,0,1,620,1,0.44312598357412286,-0.0653759820426487,0.10306771417882528,29,0.05811691395186017,0
55,56,1,1,873,1,0.012447981458157483,-0.0653759820426487,-0.06359895248784138,94,0.006432957620657507,2
56,57,1,2,707,0,-0.1097767558076314,-0.0653759820426487,-0.06359895248784138,555,-0.042363792593853006,2
57,58,0,3,595,1,-0.015531970685741466,-0.0653759820426487,-0.06359895248784138,215,-0.04874796901791785,0
58,59,1,2,853,0,-0.31083229740099655,0.0596240179573513,0.26973438084549195,561,-0.008694034945840753,2
59,60,0,3,299,1,-0.23543646930348464,0.5596240179573513,0.26973438084549195,566,0.0286842757184743,2
60,61,0,3,749,1,-0.09721078445804607,-0.0653759820426487,-0.06359895248784138,197,-0.04874796901791785,0
61,62,1,1,385,0,0.1038447571353191,-0.0653759820426487,-0.06359895248784138,32,0.09329117300248622,2
62,63,0,1,337,1,0.19180655658241635,0.0596240179573513,-0.06359895248784138,457,0.10007392128230316,2
63,64,0,3,755,1,-0.32339826875058186,0.3096240179573513,0.26973438084549195,337,-0.008401254444553691,2
64,65,0,1,784,1,0.012447981458157483,-0.0653759820426487,-0.06359895248784138,601,-0.0087510295500913,0
65,66,1,3,560,1,0.012447981458157483,0.0596240179573513,0.10306771417882528,189,-0.03310060790713205,0
66,67,1,2,596,0,-0.009248985010948804,-0.0653759820426487,-0.06359895248784138,553,-0.042363792593853006,2
67,68,0,3,185,1,-0.13490869850680204,-0.0653759820426487,-0.06359895248784138,623,-0.04693448659294577,2
68,69,1,3,25,0,-0.1600406412059727,0.4346240179573513,0.26973438084549195,248,-0.047389857865947585,2
69,70,0,3,440,1,-0.046946899059704776,0.18462401795735128,-0.06359895248784138,270,-0.045950353734619524,2
70,71,0,2,396,1,0.028448929037807165,-0.0653759820426487,-0.06359895248784138,557,-0.042363792593853006,2
71,72,0,3,300,0,-0.172606612555558,0.5596240179573513,0.26973438084549195,566,0.0286842757184743,2
72,73,0,2,376,1,-0.1097767558076314,-0.0653759820426487,-0.06359895248784138,621,0.08060401794671349,2
73,74,0,3,161,1,-0.046946899059704776,0.0596240179573513,-0.06359895248784138,204,-0.03464570820592431,0
74,75,1,3,87,1,0.028448929037807165,-0.0653759820426487,-0.06359895248784138,80,0.04741402994681031,2
75,76,0,3,546,1,-0.0595128704092901,-0.0653759820426487,-0.06359895248784138,347,-0.047926622118307206,2
76,77,0,3,778,1,0.012447981458157483,-0.0653759820426487,-0.06359895248784138,355,-0.047446852470198135,2
77,78,0,3,563,1,0.012447981458157483,-0.0653759820426487,-0.06359895248784138,473,-0.04714587411487504,2
78,79,1,2,127,1,-0.3632323979287674,-0.0653759820426487,0.26973438084549195,158,-0.006254197435115226,2
79,80,1,3,223,0,0.0033169863386365186,-0.0653759820426487,-0.06359895248784138,432,-0.03850884932690667,2
80,81,0,3,842,1,-0.09721078445804607,-0.0653759820426487,-0.06359895248784138,304,-0.04529159760672364,2
81,82,1,3,737,1,-0.009248985010948804,-0.0653759820426487,-0.06359895248784138,311,-0.04431566260243343,2
82,83,1,3,519,0,-0.022874157010690743,-0.0653759820426487,-0.06359895248784138,280,-0.04765823999212739,1
83,84,0,1,141,1,-0.021814956360534127,-0.0653759820426487,-0.06359895248784138,25,0.029074649720190388,2
84,85,1,2,386,0,-0.1600406412059727,-0.0653759820426487,-0.06359895248784138,637,-0.042363792593853006,2
85,86,1,3,52,0,0.041014900387392486,0.3096240179573513,-0.06359895248784138,247,-0.031921288047947756,2
86,87,0,3,255,1,-0.172606612555558,0.0596240179573513,0.43640104751215864,676,0.004237103861004534,2
87,88,0,3,764,1,0.012447981458157483,-0.0653759820426487,-0.06359895248784138,652,-0.04714587411487504,2
88,89,1,1,259,0,-0.08464481310846074,0.3096240179573513,0.26973438084549195,95,0.4504833845727032,2
89,90,0,3,149,1,-0.07207884175887543,-0.0653759820426487,-0.06359895248784138,297,-0.04714587411487504,2
90,91,0,3,159,1,-0.009248985010948804,-0.0653759820426487,-0.06359895248784138,298,-0.04714587411487504,2
91,92,0,3,31,1,-0.12234272715721671,-0.0653759820426487,-0.06359895248784138,341,-0.047528050262555084,2
92,93,0,1,150,1,0.2043725279320017,0.0596240179573513,-0.06359895248784138,678,0.0565472200909598,2
93,94,0,3,209,1,-0.046946899059704776,0.0596240179573513,0.26973438084549195,548,-0.022698702257405272,2
94,95,0,3,184,1,0.36773015547661086,-0.0653759820426487,-0.06359895248784138,428,-0.048707370121739375,2
95,96,0,3,740,1,0.012447981458157483,-0.0653759820426487,-0.06359895248784138,475,-0.04714587411487504,2
96,97,0,1,292,1,0.5185218116716348,-0.0653759820426487,-0.06359895248784138,607,0.004782065967400193,0
97,98,1,1,308,1,-0.08464481310846074,-0.0653759820426487,0.10306771417882528,612,0.060808737880693436,0
98,99,1,2,219,0,0.053580871736977814,-0.0653759820426487,0.10306771417882528,117,-0.01796541748659775,2
99,100,0,2,422,1,0.053580871736977814,0.0596240179573513,-0.06359895248784138,150,-0.012109807460856489,2
100,101,0,3,656,0,-0.021814956360534127,-0.0653759820426487,-0.06359895248784138,384,-0.047446852470198135,2
101,102,0,3,658,1,0.012447981458157483,-0.0653759820426487,-0.06359895248784138,361,-0.047446852470198135,2
102,103,0,1,858,1,-0.1097767558076314,-0.0653759820426487,0.10306771417882528,417,0.08799672560421182,2
103,104,0,3,405,1,0.041014900387392486,-0.0653759820426487,-0.06359895248784138,505,-0.045966554255690746,2
104,105,0,3,312,1,0.09127878578573378,0.18462401795735128,-0.06359895248784138,245,-0.047389857865947585,2
105,106,0,3,542,1,-0.021814956360534127,-0.0653759820426487,-0.06359895248784138,354,-0.047446852470198135,2
106,107,1,3,724,0,-0.1097767558076314,-0.0653759820426487,-0.06359895248784138,296,-0.047926622118307206,2
107,108,1,3,559,1,0.012447981458157483,-0.0653759820426487,-0.06359895248784138,254,-0.04768263836723465,2
108,109,0,3,675,1,0.1038447571353191,-0.0653759820426487,-0.06359895248784138,388,-0.047446852470198135,2
109,110,1,3,552,0,-0.022874157010690743,0.0596240179573513,-0.06359895248784138,469,-0.01572076697673027,1
110,111,0,1,667,1,0.216938499281587,-0.0653759820426487,-0.06359895248784138,2,0.038638812762234444,2
111,112,0,3,882,0,-0.19145556957993598,0.0596240179573513,-0.06359895248784138,193,-0.03464570820592431,0
112,113,0,3,67,1,-0.09721078445804607,-0.0653759820426487,-0.06359895248784138,274,-0.04714587411487504,2
113,114,0,3,417,0,-0.12234272715721671,0.0596240179573513,-0.06359895248784138,491,-0.04368130484964479,2
114,115,0,3,46,0,-0.1600406412059727,-0.0653759820426487,-0.06359895248784138,176,-0.034637705538889126,0
115,116,0,3,645,1,-0.1097767558076314,-0.0653759820426487,-0.06359895248784138,666,-0.047389857865947585,2
116,117,0,3,178,1,0.5122388259968421,-0.0653759820426487,-0.06359895248784138,460,-0.047731435117449164,1
117,118,0,2,826,1,-0.009248985010948804,0.0596240179573513,-0.06359895248784138,53,-0.02186915750375859,2
118,119,0,1,70,1,-0.07207884175887543,-0.0653759820426487,0.10306771417882528,585,0.4202699983358852,0
119,120,0,3,24,0,-0.34853021144975255,0.4346240179573513,0.26973438084549195,333,-0.0018136931655947724,2
120,121,0,2,362,1,-0.1097767558076314,0.18462401795735128,-0.06359895248784138,621,0.08060401794671349,2
121,122,0,3,551,1,0.012447981458157483,-0.0653759820426487,-0.06359895248784138,540,-0.04714587411487504,2
122,123,0,2,575,1,0.03473191471259983,0.0596240179573513,-0.06359895248784138,132,-0.004164135029927315,0
123,124,1,2,848,0,0.03473191471259983,-0.0653759820426487,-0.06359895248784138,219,-0.037484117572401957,2
124,125,0,1,857,1,0.3049002987286843,-0.0653759820426487,0.10306771417882528,417,0.08799672560421182,2
125,126,1,3,588,1,-0.2228704979538993,0.0596240179573513,-0.06359895248784138,186,-0.04091609060848891,0
126,127,0,3,525,1,0.012447981458157483,-0.0653759820426487,-0.06359895248784138,463,-0.047731435117449164,1
127,128,1,3,499,1,-0.07207884175887543,-0.0653759820426487,-0.06359895248784138,541,-0.04891875764366863,2
128,129,1,3,653,0,-0.022874157010690743,0.0596240179573513,0.10306771417882528,196,-0.019217932471103805,0
129,130,0,3,234,1,0.19180655658241635,-0.0653759820426487,-0.06359895248784138,318,-0.04924413437409898,2
130,131,0,3,225,1,0.041014900387392486,-0.0653759820426487,-0.06359895248784138,380,-0.047446852470198135,0
131,132,0,3,165,1,-0.12234272715721671,-0.0653759820426487,-0.06359895248784138,640,-0.04909774412345545,2
132,133,0,3,695,0,0.216938499281587,0.0596240179573513,-0.06359895248784138,537,-0.03455631255953132,2
133,134,1,2,851,0,-0.009248985010948804,0.0596240179573513,-0.06359895248784138,111,-0.012109807460856489,2
134,135,0,2,772,1,-0.0595128704092901,-0.0653759820426487,-0.06359895248784138,552,-0.037484117572401957,2
135,136,0,2,685,1,-0.08464481310846074,-0.0653759820426487,-0.06359895248784138,630,-0.03349098190884813,0
136,137,1,1,585,0,-0.13490869850680204,-0.0653759820426487,0.26973438084549195,55,-0.011556842687425654,2
137,138,0,1,271,1,0.09127878578573378,0.0596240179573513,-0.06359895248784138,49,0.04078586977167291,2
138,139,0,3,618,1,-0.172606612555558,-0.0653759820426487,-0.06359895248784138,504,-0.04486862737586426,2
139,140,0,1,282,1,-0.07207884175887543,-0.0653759820426487,-0.06359895248784138,592,0.09172967699562189,0
140,141,0,3,99,0,-0.022874157010690743,-0.0653759820426487,0.26973438084549195,203,-0.03310060790713205,0
141,142,1,3,597,0,-0.09721078445804607,-0.0653759820426487,-0.06359895248784138,332,-0.047731435117449164,2
142,143,1,3,319,0,-0.07207884175887543,0.0596240179573513,-0.06359895248784138,668,-0.031921288047947756,2
143,144,0,3,116,1,-0.13490869850680204,-0.0653759820426487,-0.06359895248784138,438,-0.04968330512602958,1
144,145,0,2,32,1,-0.14747466985638735,-0.0653759820426487,-0.06359895248784138,118,-0.04041192258527258,2
145,146,0,2,586,1,-0.13490869850680204,0.0596240179573513,0.10306771417882528,558,0.008872795131383032,2
146,147,1,3,29,1,-0.03438092771011945,-0.0653759820426487,-0.06359895248784138,405,-0.04764203947105618,2
147,148,0,3,254,0,-0.2605684120026553,0.18462401795735128,0.26973438084549195,676,0.004237103861004534,2
148,149,0,2,580,1,0.08499580011094111,-0.0653759820426487,0.26973438084549195,113,-0.012109807460856489,2
149,150,0,2,121,1,0.15410864253366038,-0.0653759820426487,-0.06359895248784138,147,-0.037484117572401957,2
150,151,0,2,68,1,0.2672023846799283,-0.0653759820426487,-0.06359895248784138,622,-0.038411255826477655,2
151,152,1,1,643,0,-0.09721078445804607,0.0596240179573513,-0.06359895248784138,36,0.06713611488750858,2
152,153,0,3,532,1,0.32374925575306224,-0.0653759820426487,-0.06359895248784138,516,-0.04714587411487504,2
153,154,0,3,889,1,0.1352596855092824,-0.0653759820426487,0.26973438084549195,538,-0.03455631255953132,2
154,155,0,3,612,1,0.012447981458157483,-0.0653759820426487,-0.06359895248784138,573,-0.0485853782462031,2
155,156,0,1,866,1,0.2672023846799283,-0.0653759820426487,0.10306771417882528,595,0.05694579194671192,0
156,157,1,3,287,0,-0.172606612555558,-0.0653759820426487,-0.06359895248784138,418,-0.047764031346592455,1
157,158,0,3,181,1,0.0033169863386365186,-0.0653759820426487,-0.06359895248784138,654,-0.04714587411487504,2
158,159,0,3,767,1,0.012447981458157483,-0.0653759820426487,-0.06359895248784138,258,-0.045950353734619524,2
159,160,0,3,716,1,0.012447981458157483,0.9346240179573513,0.26973438084549195,568,0.07289413141282082,2
160,161,0,3,186,1,0.17924058523283104,-0.0653759820426487,0.10306771417882528,470,-0.03143332054580265,2
161,162,1,2,847,0,0.12897669983448976,-0.0653759820426487,-0.06359895248784138,559,-0.0321164750488058,2
162,163,0,3,82,1,-0.046946899059704776,-0.0653759820426487,-0.06359895248784138,323,-0.04768263836723465,2
163,164,0,3,129,1,-0.1600406412059727,-0.0653759820426487,-0.06359895248784138,265,-0.045950353734619524,2
164,165,0,3,628,1,-0.36109618279933786,0.4346240179573513,0.10306771417882528,249,0.014606413281588017,2
165,166,1,3,293,1,-0.2605684120026553,-0.0653759820426487,0.26973438084549195,423,-0.022796295757834293,2
166,167,1,1,157,0,-0.022874157010690743,-0.0653759820426487,0.10306771417882528,28,0.044494422787975704,2
167,168,0,3,760,0,0.19180655658241635,0.0596240179573513,0.6030677141788253,337,-0.008401254444553691,2
168,169,0,1,69,1,0.012447981458157483,-0.0653759820426487,-0.06359895248784138,576,-0.012256197711500019,2
169,170,0,3,486,1,-0.021814956360534127,-0.0653759820426487,-0.06359895248784138,80,0.04741402994681031,2
170,171,0,1,832,1,0.39286209817578155,-0.0653759820426487,-0.06359895248784138,5,0.002529217603496666,2
171,172,0,3,680,1,-0.32339826875058186,0.4346240179573513,0.10306771417882528,480,-0.0060102136840426736,1
172,173,1,3,408,0,-0.36109618279933786,0.0596240179573513,0.10306771417882528,344,-0.041127673317419025,2
173,174,0,3,752,1,-0.1097767558076314,-0.0653759820426487,-0.06359895248784138,659,-0.047389857865947585,2
174,175,0,1,769,1,0.3300322414278549,-0.0653759820426487,-0.06359895248784138,90,-0.002944216274564552,0
175,176,0,3,444,1,-0.14747466985638735,0.0596240179573513,0.10306771417882528,412,-0.047528050262555084,2
176,177,0,3,464,1,0.012447981458157483,0.3096240179573513,0.10306771417882528,488,-0.013150739736432427,2
177,178,0,1,388,0,0.254636413330343,-0.0653759820426487,-0.06359895248784138,593,-0.0068153600625821,0
178,179,0,2,320,1,0.0033169863386365186,-0.0653759820426487,-0.06359895248784138,169,-0.037484117572401957,2
179,180,0,3,474,1,0.07871281443614846,-0.0653759820426487,-0.06359895248784138,574,-0.06285842768394742,2
180,181,0,3,717,0,-0.022874157010690743,0.9346240179573513,0.26973438084549195,568,0.07289413141282082,2
181,182,0,2,650,1,0.012447981458157483,-0.0653759820426487,-0.06359895248784138,629,-0.033482784054812094,0
182,183,0,3,41,1,-0.2605684120026553,0.4346240179573513,0.26973438084549195,329,-0.0015941077896294738,2
183,184,1,2,76,1,-0.36109618279933786,0.18462401795735128,0.10306771417882528,114,0.01326450265068898,2
184,185,1,3,441,0,-0.32339826875058186,-0.0653759820426487,0.26973438084549195,271,-0.019868490744963663,2
185,186,0,1,700,1,0.012447981458157483,-0.0653759820426487,-0.06359895248784138,34,0.034735072745073606,2
186,187,1,3,601,0,-0.022874157010690743,0.0596240179573513,-0.06359895248784138,459,-0.0326044425509509,1
187,188,1,1,698,1,0.19180655658241635,-0.0653759820426487,-0.06359895248784138,11,-0.011036278956137255,2
188,189,0,3,101,1,0.12897669983448976,0.0596240179573513,0.10306771417882528,435,-0.0326044425509509,1
189,190,0,3,823,1,0.07871281443614846,-0.0653759820426487,-0.06359895248784138,386,-0.047446852470198135,2
190,191,1,2,664,0,0.028448929037807165,-0.0653759820426487,-0.06359895248784138,122,-0.037484117572401957,2
191,192,0,2,136,1,-0.13490869850680204,-0.0653759820426487,-0.06359895248784138,227,-0.037484117572401957,2
192,193,1,3,20,0,-0.13490869850680204,0.0596240179573513,-0.06359895248784138,406,-0.047528050262555084,2
193,194,1,2,579,1,-0.33596424010016723,0.0596240179573513,0.10306771417882528,113,-0.012109807460856489,2
194,195,1,1,113,0,0.17924058523283104,-0.0653759820426487,-0.06359895248784138,604,-0.0087510295500913,0
195,196,1,1,495,0,0.35516418412702555,-0.0653759820426487,-0.06359895248784138,586,0.22313112746926267,0
196,197,0,3,533,1,0.012447981458157483,-0.0653759820426487,-0.06359895248784138,452,-0.047731435117449164,1
197,198,0,3,611,1,0.15410864253366038,-0.0653759820426487,0.10306771417882528,494,-0.046454521757835855,2
198,199,1,3,497,0,-0.022874157010690743,-0.0653759820426487,-0.06359895248784138,461,-0.047731435117449164,1
199,200,0,2,881,0,-0.07207884175887543,-0.0653759820426487,-0.06359895248784138,160,-0.037484117572401957,2
200,201,0,3,834,1,-0.021814956360534127,-0.0653759820426487,-0.06359895248784138,306,-0.04431566260243343,2
201,202,0,3,721,1,0.012447981458157483,0.9346240179573513,0.26973438084549195,568,0.07289413141282082,2
202,203,0,3,403,1,0.053580871736977814,-0.0653759820426487,-0.06359895248784138,242,-0.05017947048221073,2
203,204,0,3,878,1,0.19808954225720904,-0.0653759820426487,-0.06359895248784138,177,-0.04875616687195388,0
204,205,1,3,166,1,-0.14747466985638735,-0.0653759820426487,-0.06359895248784138,530,-0.04714587411487504,2
205,206,0,3,789,0,-0.34853021144975255,-0.0653759820426487,0.10306771417882528,316,-0.04243698771917477,2
206,207,0,3,51,1,0.028448929037807165,0.0596240179573513,-0.06359895248784138,247,-0.031921288047947756,2
207,208,1,3,9,1,-0.046946899059704776,-0.0653759820426487,-0.06359895248784138,216,-0.02618766989774277,0
208,209,1,3,140,0,-0.172606612555558,-0.0653759820426487,-0.06359895248784138,445,-0.047731435117449164,1
209,210,1,1,94,1,0.12897669983448976,-0.0653759820426487,-0.06359895248784138,17,-0.0023504574179543853,0
210,211,0,3,12,1,-0.07207884175887543,-0.0653759820426487,-0.06359895248784138,642,-0.04909774412345545,2
211,212,1,2,131,0,0.06614684308656313,-0.0653759820426487,-0.06359895248784138,570,-0.02186915750375859,2
212,213,0,3,649,1,-0.09721078445804607,-0.0653759820426487,-0.06359895248784138,526,-0.048707370121739375,2
213,214,0,2,288,1,0.0033169863386365186,-0.0653759820426487,-0.06359895248784138,163,-0.037484117572401957,2
214,215,0,3,437,1,0.012447981458157483,0.0596240179573513,-0.06359895248784138,443,-0.047731435117449164,1
215,216,1,1,582,0,0.01588295768822184,0.0596240179573513,-0.06359895248784138,416,0.1582396475379997,0
216,217,1,3,375,0,-0.03438092771011945,-0.0653759820426487,-0.06359895248784138,670,-0.047389857865947585,2
217,218,0,2,390,1,0.15410864253366038,0.0596240179573513,-0.06359895248784138,142,-0.010157937452276068,2
218,219,1,1,72,0,0.028448929037807165,-0.0653759820426487,-0.06359895248784138,63,0.08605305344966746,0
219,220,0,2,338,1,0.0033169863386365186,-0.0653759820426487,-0.06359895248784138,679,-0.042363792593853006,2
220,221,1,3,791,1,-0.172606612555558,-0.0653759820426487,-0.06359895248784138,653,-0.04714587411487504,2
221,222,0,2,105,1,-0.03438092771011945,-0.0653759820426487,-0.06359895248784138,105,-0.037484117572401957,2
222,223,0,3,306,1,0.2672023846799283,-0.0653759820426487,-0.06359895248784138,102,-0.04714587411487504,2
223,224,0,3,581,1,0.012447981458157483,-0.0653759820426487,-0.06359895248784138,375,-0.047446852470198135,2
224,225,1,1,379,1,0.1038447571353191,0.0596240179573513,-0.06359895248784138,93,0.11280987308829042,2
225,226,0,3,83,1,-0.09721078445804607,-0.0653759820426487,-0.06359895248784138,615,-0.04460844310372049,2
226,227,1,2,531,1,-0.13490869850680204,-0.0653759820426487,-0.06359895248784138,672,-0.042363792593853006,2
227,228,0,3,492,1,-0.11605974148242405,-0.0653759820426487,-0.06359895248784138,525,-0.048707370121739375,2
228,229,0,2,243,1,-0.14747466985638735,-0.0653759820426487,-0.06359895248784138,125,-0.037484117572401957,2
229,230,0,3,467,0,-0.022874157010690743,0.3096240179573513,0.10306771417882528,488,-0.013150739736432427,2
230,231,1,1,339,0,0.06614684308656313,0.0596240179573513,-0.06359895248784138,457,0.10007392128230316,2
231,232,0,3,460,1,-0.009248985010948804,-0.0653759820426487,-0.06359895248784138,322,-0.04768263836723465,2
232,233,0,2,754,1,0.36773015547661086,-0.0653759820426487,-0.06359895248784138,128,-0.036508182568111745,2
233,234,1,3,43,0,-0.31083229740099655,0.4346240179573513,0.26973438084549195,329,-0.0015941077896294738,2
234,235,0,2,479,1,-0.07207884175887543,-0.0653759820426487,-0.06359895248784138,554,-0.042363792593853006,2
235,236,0,3,329,0,-0.022874157010690743,-0.0653759820426487,-0.06359895248784138,677,-0.04812180911916524,2
236,237,0,2,370,1,0.17924058523283104,0.0596240179573513,-0.06359895248784138,198,-0.012109807460856489,2
237,238,1,2,172,0,-0.2731343833522406,-0.0653759820426487,0.26973438084549195,556,-0.011621839958711383,2
238,239,0,2,648,1,-0.13490869850680204,-0.0653759820426487,-0.06359895248784138,231,-0.042363792593853006,2
239,240,0,2,383,1,0.041014900387392486,-0.0653759820426487,-0.06359895248784138,636,-0.038899223328622765,2
240,241,0,3,883,0,-0.022874157010690743,0.0596240179573513,-0.06359895248784138,193,-0.03464570820592431,0
241,242,1,3,567,0,-0.022874157010690743,0.0596240179573513,-0.06359895248784138,444,-0.0326044425509509,1
242,243,0,2,169,1,-0.009248985010948804,-0.0653759820426487,-0.06359895248784138,674,-0.042363792593853006,2
243,244,0,3,500,1,-0.09721078445804607,-0.0653759820426487,-0.06359895248784138,658,-0.04895135387281192,2
244,245,0,3,47,1,0.0033169863386365186,-0.0653759820426487,-0.06359895248784138,213,-0.04875616687195388,0
245,246,0,1,539,1,0.17924058523283104,0.18462401795735128,-0.06359895248784138,92,0.11280987308829042,1
246,247,0,3,481,0,-0.0595128704092901,-0.0653759820426487,-0.06359895248784138,325,-0.04768263836723465,2
247,248,1,2,322,0,-0.07207884175887543,-0.0653759820426487,0.26973438084549195,166,-0.03455631255953132,2
248,249,1,1,78,1,0.09127878578573378,0.0596240179573513,0.10306771417882528,54,0.03972053912098972,2
249,250,0,2,147,1,0.3049002987286843,0.0596240179573513,-0.06359895248784138,144,-0.012109807460856489,2
250,251,0,3,673,1,0.012447981458157483,-0.0653759820426487,-0.06359895248784138,422,-0.048707370121739375,2
251,252,0,3,790,0,-0.009248985010948804,0.0596240179573513,0.10306771417882528,316,-0.04243698771917477,2
252,253,0,1,782,1,0.4054280695253669,-0.0653759820426487,-0.06359895248784138,31,-0.011036278956137255,2
253,254,0,3,487,1,0.0033169863386365186,0.0596240179573513,-0.06359895248784138,536,-0.03143332054580265,2
254,255,0,3,702,0,0.14154267118407507,-0.0653759820426487,0.26973438084549195,458,-0.023406255135515676,2
255,256,1,3,819,0,-0.009248985010948804,-0.0653759820426487,0.26973438084549195,185,-0.03310060790713205,0
256,257,1,1,808,0,-0.022874157010690743,-0.0653759820426487,-0.06359895248784138,589,0.09172967699562189,0
257,258,1,1,156,0,0.0033169863386365186,-0.0653759820426487,-0.06359895248784138,0,0.10597832805825895,2
258,259,1,1,844,0,0.06614684308656313,-0.0653759820426487,-0.06359895248784138,608,0.9371415723160527,0
259,260,1,2,636,0,0.254636413330343,-0.0653759820426487,0.10306771417882528,115,-0.012109807460856489,2
260,261,0,3,771,1,0.012447981458157483,-0.0653759820426487,-0.06359895248784138,482,-0.047731435117449164,1
261,262,1,3,42,1,-0.33596424010016723,0.4346240179573513,0.26973438084549195,329,-0.0015941077896294738,2
262,263,0,1,799,1,0.2797683560295136,0.0596240179573513,0.10306771417882528,1,0.09260801849948308,2
263,264,0,1,340,1,0.12897669983448976,-0.0653759820426487,-0.06359895248784138,16,-0.06285842768394742,2
264,265,0,3,356,0,-0.022874157010690743,-0.0653759820426487,-0.06359895248784138,478,-0.047731435117449164,1
265,266,0,2,674,1,0.07871281443614846,-0.0653759820426487,-0.06359895248784138,546,-0.042363792593853006,2
266,267,0,3,631,1,-0.172606612555558,0.4346240179573513,0.10306771417882528,249,0.014606413281588017,2
267,268,1,3,652,1,-0.0595128704092901,0.0596240179573513,-0.06359895248784138,334,-0.04768263836723465,2
268,269,1,1,305,0,0.35516418412702555,-0.0653759820426487,0.10306771417882528,588,0.23668042350782537,2
269,270,1,1,91,0,0.06614684308656313,-0.0653759820426487,-0.06359895248784138,613,0.20188014275084332,2
270,271,0,1,125,1,0.012447981458157483,-0.0653759820426487,-0.06359895248784138,47,-0.0023504574179543853,2
271,272,1,3,817,1,-0.0595128704092901,-0.0653759820426487,-0.06359895248784138,574,-0.06285842768394742,2
272,273,1,2,530,0,0.14154267118407507,-0.0653759820426487,0.10306771417882528,162,-0.02479696251662922,2
273,274,0,1,577,1,0.09127878578573378,-0.0653759820426487,0.10306771417882528,594,-0.004887888429108933,0
274,275,1,3,350,0,-0.022874157010690743,-0.0653759820426487,-0.06359895248784138,465,-0.047731435117449164,1
275,276,1,1,33,0,0.41799404087495223,0.0596240179573513,-0.06359895248784138,71,0.08930604000596756,2
276,277,0,3,482,0,0.19180655658241635,-0.0653759820426487,-0.06359895248784138,326,-0.047731435117449164,2
277,278,0,2,634,1,0.012447981458157483,-0.0653759820426487,-0.06359895248784138,135,-0.06285842768394742,2
278,279,0,3,681,1,-0.2857003547018259,0.4346240179573513,0.10306771417882528,480,-0.0060102136840426736,1
279,280,1,3,2,0,0.06614684308656313,0.0596240179573513,0.10306771417882528,551,-0.023333060010193904,2
280,281,0,3,227,1,0.44312598357412286,-0.0653759820426487,-0.06359895248784138,290,-0.047731435117449164,1
281,282,0,3,614,1,-0.021814956360534127,-0.0653759820426487,-0.06359895248784138,340,-0.047528050262555084,2
282,283,0,3,887,1,-0.172606612555558,-0.0653759820426487,-0.06359895248784138,310,-0.04431566260243343,2
283,284,1,3,221,1,-0.13490869850680204,-0.0653759820426487,-0.06359895248784138,533,-0.04714587411487504,2
284,285,0,1,770,1,0.012447981458157483,-0.0653759820426487,-0.06359895248784138,24,-0.012109807460856489,2
285,286,0,3,779,1,0.041014900387392486,-0.0653759820426487,-0.06359895248784138,378,-0.045950353734619524,0
286,287,1,3,886,1,0.0033169863386365186,-0.0653759820426487,-0.06359895248784138,308,-0.04431566260243343,2
287,288,0,3,570,1,-0.09721078445804607,-0.0653759820426487,-0.06359895248784138,353,-0.047446852470198135,2
288,289,1,2,378,1,0.15410864253366038,-0.0653759820426487,-0.06359895248784138,134,-0.037484117572401957,2
289,290,1,3,177,0,-0.09721078445804607,-0.0653759820426487,-0.06359895248784138,464,-0.047731435117449164,1
290,291,1,1,65,0,-0.046946899059704776,-0.0653759820426487,-0.06359895248784138,91,0.09104652249261873,2
291,292,1,1,90,0,-0.13490869850680204,0.0596240179573513,-0.06359895248784138,64,0.11491633120155041,0
292,293,0,2,477,1,0.07871281443614846,-0.0653759820426487,-0.06359895248784138,635,-0.037728101323474504,0
293,294,0,3,315,0,-0.07207884175887543,-0.0653759820426487,-0.06359895248784138,376,-0.0455843781080107,2
294,295,0,3,541,1,-0.07207884175887543,-0.0653759820426487,-0.06359895248784138,374,-0.047446852470198135,2
295,296,0,1,478,1,0.012447981458157483,-0.0653759820426487,-0.06359895248784138,606,-0.0087510295500913,0
296,297,0,3,324,1,-0.07836182743366808,-0.0653759820426487,-0.06359895248784138,212,-0.04874796901791785,0
297,298,0,1,17,0,-0.34853021144975255,0.0596240179573513,0.26973438084549195,37,0.23294747211641534,2
298,299,1,1,714,1,0.012447981458157483,-0.0653759820426487,-0.06359895248784138,98,-0.0033263924222445957,2
299,300,1,1,71,0,0.254636413330343,-0.0653759820426487,0.10306771417882528,585,0.4202699983358852,0
300,301,1,3,431,0,-0.022874157010690743,-0.0653759820426487,-0.06359895248784138,513,-0.047731435117449164,1
301,302,1,3,518,1,0.012447981458157483,0.18462401795735128,-0.06359895248784138,441,-0.017477449984452643,1
302,303,0,3,411,1,-0.13490869850680204,-0.0653759820426487,-0.06359895248784138,574,-0.06285842768394742,2
303,304,1,2,428,0,-0.022874157010690743,-0.0653759820426487,-0.06359895248784138,109,-0.03875283307797923,1
304,305,0,3,868,1,0.012447981458157483,-0.0653759820426487,-0.06359895248784138,527,-0.04714587411487504,2
305,306,1,1,16,1,-0.3621014605073047,0.0596240179573513,0.26973438084549195,37,0.23294747211641534,2
306,307,1,1,248,0,-0.022874157010690743,-0.0653759820426487,-0.06359895248784138,83,0.15357136003847793,0
307,308,1,1,647,0,-0.1600406412059727,0.0596240179573513,-0.06359895248784138,611,0.14970021625046037,0
308,309,0,2,3,1,0.0033169863386365186,0.0596240179573513,-0.06359895248784138,575,-0.01601354747801733,0
309,310,1,1,263,0,0.0033169863386365186,-0.0653759820426487,-0.06359895248784138,584,0.04825997040852906,0
310,311,1,1,348,0,-0.07207884175887543,-0.0653759820426487,-0.06359895248784138,59,0.09945576405058576,0
311,312,1,1,710,0,-0.14747466985638735,0.18462401795735128,0.26973438084549195,602,0.44926346581734045,0
312,313,0,2,449,0,-0.046946899059704776,0.0596240179573513,0.10306771417882528,167,-0.012109807460856489,2
313,314,0,3,355,1,-0.021814956360534127,-0.0653759820426487,-0.06359895248784138,382,-0.047446852470198135,2
314,315,0,2,342,1,0.16667461388324573,0.0596240179573513,0.10306771417882528,571,-0.011621839958711383,2
315,316,1,3,590,0,-0.046946899059704776,-0.0653759820426487,-0.06359895248784138,343,-0.047528050262555084,2
316,317,1,2,423,0,-0.07207884175887543,0.0596240179573513,-0.06359895248784138,150,-0.012109807460856489,2
317,318,0,2,555,1,0.3049002987286843,-0.0653759820426487,-0.06359895248784138,232,-0.035532247563821534,2
318,319,1,1,859,0,0.01588295768822184,-0.0653759820426487,0.26973438084549195,453,0.2589399394596782,2
319,320,1,1,775,0,0.12897669983448976,0.0596240179573513,0.10306771417882528,81,0.19966808847011913,0
320,321,0,3,211,1,-0.09721078445804607,-0.0653759820426487,-0.06359895248784138,524,-0.048707370121739375,2
321,322,0,3,200,1,-0.03438092771011945,-0.0653759820426487,-0.06359895248784138,365,-0.047446852470198135,2
322,323,1,2,762,0,0.0033169863386365186,-0.0653759820426487,-0.06359895248784138,124,-0.03875283307797923,1
323,324,1,2,128,0,-0.09721078445804607,0.0596240179573513,0.10306771417882528,158,-0.006254197435115226,2
324,325,0,3,722,1,0.012447981458157483,0.9346240179573513,0.26973438084549195,568,0.07289413141282082,2
325,326,1,1,877,0,0.07871281443614846,-0.0653759820426487,-0.06359895248784138,613,0.20188014275084332,0
326,327,0,3,598,1,0.39286209817578155,-0.0653759820426487,-0.06359895248784138,299,-0.050683638505427044,2
327,328,1,2,60,0,0.07871281443614846,-0.0653759820426487,-0.06359895248784138,229,-0.037484117572401957,2
328,329,1,3,295,0,0.01588295768822184,0.0596240179573513,0.10306771417882528,423,-0.022796295757834293,2
329,330,1,1,363,0,-0.172606612555558,-0.0653759820426487,0.10306771417882528,7,0.05030943391753849,0
330,331,1,3,517,0,-0.022874157010690743,0.18462401795735128,-0.06359895248784138,441,-0.017477449984452643,1
331,332,0,1,637,1,0.19808954225720904,-0.0653759820426487,-0.06359895248784138,20,-0.007230132439405437,2
332,333,0,1,304,1,0.1038447571353191,-0.0653759820426487,0.10306771417882528,588,0.23668042350782537,2
333,334,0,3,838,1,-0.172606612555558,0.18462401795735128,-0.06359895248784138,302,-0.02772476752949985,2
334,335,1,1,265,0,-0.022874157010690743,0.0596240179573513,-0.06359895248784138,605,0.19800899896282578,2
335,336,0,3,210,1,0.012447981458157483,-0.0653759820426487,-0.06359895248784138,370,-0.047446852470198135,2
336,337,0,1,642,1,-0.009248985010948804,0.0596240179573513,-0.06359895248784138,36,0.06713611488750858,2
337,338,1,1,117,0,0.14154267118407507,-0.0653759820426487,-0.06359895248784138,81,0.19966808847011913,0
338,339,1,3,192,1,0.19180655658241635,-0.0653759820426487,-0.06359895248784138,510,-0.04714587411487504,2
339,340,0,1,93,1,0.19180655658241635,-0.0653759820426487,-0.06359895248784138,39,0.006432957620657507,2
340,341,1,2,578,1,-0.34853021144975255,0.0596240179573513,0.10306771417882528,113,-0.012109807460856489,2
341,342,1,1,258,0,-0.07207884175887543,0.3096240179573513,0.26973438084549195,95,0.4504833845727032,2
342,343,0,2,170,1,-0.021814956360534127,-0.0653759820426487,-0.06359895248784138,159,-0.037484117572401957,2
343,344,0,2,733,1,-0.0595128704092901,-0.0653759820426487,-0.06359895248784138,149,-0.037484117572401957,2
344,345,0,2,262,1,0.07871281443614846,-0.0653759820426487,-0.06359895248784138,112,-0.037484117572401957,2
345,346,1,2,111,0,-0.07207884175887543,-0.0653759820426487,-0.06359895248784138,157,-0.037484117572401957,2
346,347,1,2,768,0,0.12897669983448976,-0.0653759820426487,-0.06359895248784138,257,-0.037484117572401957,2
347,348,1,3,207,0,-0.022874157010690743,0.0596240179573513,-0.06359895248784138,483,-0.03143332054580265,2
348,349,1,3,183,1,-0.33596424010016723,0.0596240179573513,0.10306771417882528,562,-0.03182369454751874,2
349,350,0,3,215,1,0.15410864253366038,-0.0653759820426487,-0.06359895248784138,262,-0.045950353734619524,2
350,351,0,3,608,1,-0.08464481310846074,-0.0653759820426487,-0.06359895248784138,503,-0.044852426854793036,2
351,352,0,1,870,1,0.012447981458157483,-0.0653759820426487,-0.06359895248784138,30,0.005457022616367296,2
352,353,0,3,237,1,-0.18517258390514332,0.0596240179573513,0.10306771417882528,214,-0.04874796901791785,0
353,354,0,3,37,1,-0.0595128704092901,0.0596240179573513,-0.06359895248784138,377,-0.028115141531215936,2
354,355,0,3,879,1,0.012447981458157483,-0.0653759820426487,-0.06359895248784138,182,-0.04875616687195388,0
355,356,0,3,835,1,-0.021814956360534127,-0.0653759820426487,-0.06359895248784138,314,-0.04431566260243343,2
356,357,1,1,104,0,-0.09721078445804607,-0.0653759820426487,0.10306771417882528,28,0.044494422787975704,2
357,358,0,2,270,0,0.1038447571353191,-0.0653759820426487,-0.06359895248784138,131,-0.037484117572401957,2
358,359,1,3,522,0,-0.022874157010690743,-0.0653759820426487,-0.06359895248784138,279,-0.04747925351234057,1
359,360,1,3,545,0,-0.022874157010690743,-0.0653759820426487,-0.06359895248784138,285,-0.04747925351234057,1
360,361,0,3,759,1,0.12897669983448976,0.0596240179573513,0.6030677141788253,337,-0.008401254444553691,2
361,362,0,2,888,1,-0.009248985010948804,0.0596240179573513,-0.06359895248784138,633,-0.0087510295500913,0
362,363,0,3,64,0,0.19180655658241635,-0.0653759820426487,0.10306771417882528,211,-0.03464570820592431,0
363,364,0,3,40,1,0.06614684308656313,-0.0653759820426487,-0.06359895248784138,641,-0.04909774412345545,2
364,365,0,3,599,1,0.012447981458157483,0.0596240179573513,-0.06359895248784138,459,-0.0326044425509509,1
365,366,0,3,5,1,0.0033169863386365186,-0.0653759820426487,-0.06359895248784138,544,-0.048707370121739375,2
366,367,1,1,845,0,0.38029612682619623,0.0596240179573513,-0.06359895248784138,4,0.08401979046172922,0
367,368,1,3,562,0,-0.022874157010690743,-0.0653759820426487,-0.06359895248784138,175,-0.04874796901791785,0
368,369,1,3,400,0,-0.022874157010690743,-0.0653759820426487,-0.06359895248784138,78,-0.047731435117449164,1
369,370,1,1,48,0,-0.07207884175887543,-0.0653759820426487,-0.06359895248784138,581,0.07240616391067571,0
370,371,1,1,328,1,-0.0595128704092901,0.0596240179573513,-0.06359895248784138,58,0.045356563770765676,0
371,372,0,3,863,1,-0.14747466985638735,0.0596240179573513,-0.06359895248784138,244,-0.05017947048221073,2
372,373,0,3,75,1,-0.13490869850680204,-0.0653759820426487,-0.06359895248784138,273,-0.04714587411487504,2
373,374,0,1,690,1,-0.09721078445804607,-0.0653759820426487,-0.06359895248784138,613,0.20188014275084332,0
374,375,0,3,625,0,-0.33596424010016723,0.3096240179573513,0.10306771417882528,395,-0.02172276725311506,2
375,376,1,1,536,0,-0.022874157010690743,0.0596240179573513,-0.06359895248784138,600,0.0975282924171126,0
376,377,1,3,454,0,-0.09721078445804607,-0.0653759820426487,-0.06359895248784138,545,-0.048707370121739375,2
377,378,0,1,862,1,-0.03438092771011945,-0.0653759820426487,0.26973438084549195,27,0.34996207913081157,0
378,379,0,3,85,1,-0.12234272715721671,-0.0653759820426487,-0.06359895248784138,183,-0.055026549274518485,0
379,380,0,3,314,1,-0.13490869850680204,-0.0653759820426487,-0.06359895248784138,324,-0.04768263836723465,2
380,381,1,1,86,0,0.15410864253366038,-0.0653759820426487,-0.06359895248784138,610,0.38124079601831273,0
381,382,1,3,572,0,-0.36109618279933786,-0.0653759820426487,0.26973438084549195,187,-0.03213267556987701,0
382,383,0,3,811,1,0.028448929037807165,-0.0653759820426487,-0.06359895248784138,665,-0.047389857865947585,2
383,384,1,1,373,0,0.06614684308656313,0.0596240179573513,-0.06359895248784138,43,0.038638812762234444,2
384,385,0,3,665,1,0.012447981458157483,-0.0653759820426487,-0.06359895248784138,371,-0.047446852470198135,2
385,386,0,2,205,1,-0.14747466985638735,-0.0653759820426487,-0.06359895248784138,621,0.08060401794671349,2
386,387,0,3,298,1,-0.36109618279933786,0.5596240179573513,0.26973438084549195,566,0.0286842757184743,2
387,388,1,2,118,0,0.07871281443614846,-0.0653759820426487,-0.06359895248784138,220,-0.037484117572401957,2
388,389,0,3,715,1,0.012447981458157483,-0.0653759820426487,-0.06359895248784138,447,-0.04777203401362764,1
389,390,1,2,468,0,-0.1600406412059727,-0.0653759820426487,-0.06359895248784138,625,-0.03943598758098237,0
390,391,1,1,144,1,0.07871281443614846,0.0596240179573513,0.26973438084549195,33,0.17136597334570303,2
391,392,1,3,393,1,-0.1097767558076314,-0.0653759820426487,-0.06359895248784138,401,-0.04764203947105618,2
392,393,0,3,313,1,-0.021814956360534127,0.18462401795735128,-0.06359895248784138,246,-0.047389857865947585,2
393,394,1,1,583,0,-0.08464481310846074,0.0596240179573513,-0.06359895248784138,416,0.1582396475379997,0
394,395,1,3,728,0,-0.07207884175887543,-0.0653759820426487,0.26973438084549195,616,-0.0302621985406544,2
395,396,0,3,404,1,-0.09721078445804607,-0.0653759820426487,-0.06359895248784138,410,-0.04764203947105618,2
396,397,0,3,613,0,0.01588295768822184,-0.0653759820426487,-0.06359895248784138,414,-0.047528050262555084,2
397,398,0,2,524,1,0.2043725279320017,-0.0653759820426487,-0.06359895248784138,226,-0.012109807460856489,2
398,399,0,2,623,1,-0.08464481310846074,-0.0653759820426487,-0.06359895248784138,146,-0.042363792593853006,2
399,400,1,2,821,0,-0.021814956360534127,-0.0653759820426487,-0.06359895248784138,140,-0.0381672720754051,2
400,401,1,3,592,1,0.11641072848490443,-0.0653759820426487,-0.06359895248784138,663,-0.047389857865947585,2
401,402,0,3,6,1,-0.046946899059704776,-0.0653759820426487,-0.06359895248784138,292,-0.04714587411487504,2
402,403,0,3,418,0,-0.1097767558076314,0.0596240179573513,-0.06359895248784138,492,-0.04368130484964479,2
403,404,0,3,318,1,-0.021814956360534127,0.0596240179573513,-0.06359895248784138,668,-0.031921288047947756,2
404,405,0,3,616,0,-0.12234272715721671,-0.0653759820426487,-0.06359895248784138,267,-0.045950353734619524,2
405,406,0,2,274,1,0.053580871736977814,0.0596240179573513,-0.06359895248784138,230,-0.02186915750375859,2
406,407,0,3,861,1,0.2672023846799283,-0.0653759820426487,-0.06359895248784138,321,-0.047731435117449164,2
407,408,1,2,687,1,-0.33596424010016723,0.0596240179573513,0.10306771417882528,237,-0.026260865023064538,2
408,409,0,3,88,1,-0.1097767558076314,-0.0653759820426487,-0.06359895248784138,255,-0.04768263836723465,2
409,410,0,3,465,0,-0.022874157010690743,0.3096240179573513,0.10306771417882528,488,-0.013150739736432427,2
410,411,0,3,732,1,0.012447981458157483,-0.0653759820426487,-0.06359895248784138,367,-0.047446852470198135,2
411,412,0,3,343,1,0.012447981458157483,-0.0653759820426487,-0.06359895248784138,487,-0.04947191760410032,1
412,413,1,1,540,0,0.041014900387392486,0.0596240179573513,-0.06359895248784138,92,0.11280987308829042,1
413,414,0,2,191,1,0.012447981458157483,-0.0653759820426487,-0.06359895248784138,135,-0.06285842768394742,2
414,415,1,3,792,1,0.17924058523283104,-0.0653759820426487,-0.06359895248784138,655,-0.047389857865947585,2
415,416,0,3,528,0,-0.022874157010690743,-0.0653759820426487,-0.06359895248784138,295,-0.04714587411487504,2
416,417,1,2,226,0,0.053580871736977814,0.0596240179573513,0.10306771417882528,224,0.0005773475949162455,2
417,418,1,2,742,0,-0.14747466985638735,-0.0653759820426487,0.26973438084549195,168,-0.037484117572401957,2
418,419,0,2,513,1,0.0033169863386365186,-0.0653759820426487,-0.06359895248784138,225,-0.037484117572401957,2
419,420,0,3,829,0,-0.24800244065306995,-0.0653759820426487,0.26973438084549195,307,-0.01572076697673027,2
420,421,0,3,281,1,0.012447981458157483,-0.0653759820426487,-0.06359895248784138,392,-0.047446852470198135,0
421,422,0,3,155,1,-0.1097767558076314,-0.0653759820426487,-0.06359895248784138,534,-0.047764031346592455,1
422,423,0,3,884,1,-0.009248985010948804,-0.0653759820426487,-0.06359895248784138,259,-0.04748745136637661,2
423,424,0,3,198,0,-0.021814956360534127,0.0596240179573513,0.10306771417882528,331,-0.034751499560389365,2
424,425,0,3,701,1,-0.14747466985638735,0.0596240179573513,0.10306771417882528,458,-0.023406255135515676,2
425,426,0,3,872,1,0.012447981458157483,-0.0653759820426487,-0.06359895248784138,521,-0.048707370121739375,2
426,427,1,2,162,0,-0.021814956360534127,0.0596240179573513,-0.06359895248784138,100,-0.012109807460856489,2
427,428,1,2,662,0,-0.13490869850680204,-0.0653759820426487,-0.06359895248784138,170,-0.012109807460856489,2
428,429,0,3,249,1,0.012447981458157483,-0.0653759820426487,-0.06359895248784138,437,-0.047731435117449164,1
429,430,1,3,663,1,0.028448929037807165,-0.0653759820426487,-0.06359895248784138,644,-0.04714587411487504,2
430,431,1,1,92,1,-0.021814956360534127,-0.0653759820426487,-0.06359895248784138,3,-0.011036278956137255,2
431,432,1,3,810,0,-0.022874157010690743,0.0596240179573513,-0.06359895248784138,476,-0.03143332054580265,2
432,433,1,2,491,0,0.15410864253366038,0.0596240179573513,-0.06359895248784138,627,-0.012109807460856489,2
433,434,0,3,420,1,-0.1600406412059727,-0.0653759820426487,-0.06359895248784138,657,-0.04895135387281192,2
434,435,0,1,744,1,0.254636413330343,0.0596240179573513,-0.06359895248784138,72,0.046251105795698084,2
435,436,1,1,143,0,-0.19773855525472867,0.0596240179573513,0.26973438084549195,33,0.17136597334570303,2
436,437,0,3,253,0,-0.1097767558076314,0.18462401795735128,0.26973438084549195,676,0.004237103861004534,2
437,438,1,2,688,0,-0.07207884175887543,0.18462401795735128,0.43640104751215864,237,-0.026260865023064538,2
438,439,0,1,261,1,0.43056001222453755,0.0596240179573513,0.6030677141788253,95,0.4504833845727032,2
439,440,0,2,447,1,0.01588295768822184,-0.0653759820426487,-0.06359895248784138,547,-0.042363792593853006,2
440,441,1,2,344,0,0.19180655658241635,0.0596240179573513,0.10306771417882528,571,-0.011621839958711383,2
441,442,0,3,323,1,-0.12234272715721671,-0.0653759820426487,-0.06359895248784138,305,-0.04431566260243343,2
442,443,0,3,659,1,-0.0595128704092901,0.0596240179573513,-0.06359895248784138,328,-0.04768263836723465,2
443,444,1,2,679,0,-0.021814956360534127,-0.0653759820426487,-0.06359895248784138,116,-0.037484117572401957,2
444,445,1,3,402,1,0.012447981458157483,-0.0653759820426487,-0.06359895248784138,499,-0.04702388223933876,2
445,446,1,1,216,1,-0.32339826875058186,-0.0653759820426487,0.26973438084549195,289,0.09691833303943122,2
446,447,1,2,529,0,-0.21030452660431398,-0.0653759820426487,0.10306771417882528,162,-0.02479696251662922,2
447,448,1,1,735,1,0.053580871736977814,-0.0653759820426487,-0.06359895248784138,45,-0.011036278956137255,2
448,449,1,3,55,0,-0.31083229740099655,0.18462401795735128,0.10306771417882528,194,-0.02526872949770311,0
449,450,1,1,661,1,0.2797683560295136,-0.0653759820426487,-0.06359895248784138,40,-0.0033263924222445957,2
450,451,0,2,854,1,0.07871281443614846,0.0596240179573513,0.26973438084549195,561,-0.008694034945840753,2
451,452,0,3,316,1,0.012447981458157483,0.0596240179573513,-0.06359895248784138,497,-0.02388602478362474,2
452,453,0,1,257,1,0.0033169863386365186,-0.0653759820426487,-0.06359895248784138,22,-0.008694034945840753,0
453,454,1,1,290,1,0.24207044198075767,0.0596240179573513,-0.06359895248784138,84,0.1110613879346041,0
454,455,0,3,644,1,0.012447981458157483,-0.0653759820426487,-0.06359895248784138,528,-0.04714587411487504,2
455,456,1,3,392,1,-0.009248985010948804,-0.0653759820426487,-0.06359895248784138,379,-0.047446852470198135,0
456,457,0,1,537,1,0.44312598357412286,-0.0653759820426487,-0.06359895248784138,73,-0.011036278956137255,2
457,458,1,1,436,0,-0.022874157010690743,0.0596240179573513,-0.06359895248784138,86,0.03837043063605463,2
458,459,1,2,815,0,0.254636413330343,-0.0653759820426487,-0.06359895248784138,572,-0.042363792593853006,2
459,460,0,3,603,1,0.012447981458157483,-0.0653759820426487,-0.06359895248784138,468,-0.047731435117449164,1
460,461,1,1,21,1,0.22950447063117232,-0.0653759820426487,-0.06359895248784138,96,-0.011036278956137255,2
461,462,0,3,557,1,0.053580871736977814,-0.0653759820426487,-0.06359895248784138,429,-0.04714587411487504,2
462,463,0,1,280,1,0.216938499281587,-0.0653759820426487,-0.06359895248784138,6,0.012288567646398768,2
463,464,0,2,538,1,0.22950447063117232,-0.0653759820426487,-0.06359895248784138,121,-0.037484117572401957,2
464,465,0,3,502,1,0.012447981458157483,-0.0653759820426487,-0.06359895248784138,539,-0.04714587411487504,2
465,466,0,3,296,1,0.1038447571353191,-0.0653759820426487,-0.06359895248784138,639,-0.04909774412345545,2
466,467,0,2,132,1,0.012447981458157483,-0.0653759820426487,-0.06359895248784138,135,-0.06285842768394742,2
467,468,0,1,766,1,0.3300322414278549,-0.0653759820426487,-0.06359895248784138,44,-0.011036278956137255,2
468,469,0,3,731,1,0.012447981458157483,-0.0653759820426487,-0.06359895248784138,421,-0.04778023186766367,1
469,470,1,3,54,0,-0.3642376756367342,0.18462401795735128,0.10306771417882528,194,-0.02526872949770311,0
470,471,0,3,430,1,0.012447981458157483,-0.0653759820426487,-0.06359895248784138,272,-0.048707370121739375,2
471,472,0,3,124,1,0.1038447571353191,-0.0653759820426487,-0.06359895248784138,263,-0.045950353734619524,2
472,473,1,2,855,0,0.041014900387392486,0.0596240179573513,0.26973438084549195,561,-0.008694034945840753,2
473,474,1,2,401,0,-0.08464481310846074,-0.0653759820426487,-0.06359895248784138,628,-0.03593882208660884,0
474,475,0,3,787,0,-0.09721078445804607,-0.0653759820426487,-0.06359895248784138,509,-0.04365690647453754,2
475,476,0,1,164,1,0.012447981458157483,-0.0653759820426487,-0.06359895248784138,2,0.038638812762234444,2
476,477,0,2,676,1,0.053580871736977814,0.0596240179573513,-0.06359895248784138,252,-0.02186915750375859,2
477,478,0,3,107,1,-0.009248985010948804,0.0596240179573513,-0.06359895248784138,315,-0.0491059419774915,2
478,479,0,3,425,1,-0.09721078445804607,-0.0653759820426487,-0.06359895248784138,411,-0.04817880372341579,2
479,480,1,3,365,0,-0.34853021144975255,-0.0653759820426487,0.10306771417882528,251,-0.0388748249535155,2
480,481,0,3,297,1,-0.2605684120026553,0.5596240179573513,0.26973438084549195,566,0.0286842757184743,2
481,482,0,2,268,1,0.012447981458157483,-0.0653759820426487,-0.06359895248784138,136,-0.06285842768394742,2
482,483,0,3,706,1,0.254636413330343,-0.0653759820426487,-0.06359895248784138,531,-0.04714587411487504,2
483,484,1,3,825,0,0.41799404087495223,-0.0653759820426487,-0.06359895248784138,489,-0.04414487397668264,2
484,485,1,1,89,1,-0.0595128704092901,0.0596240179573513,-0.06359895248784138,64,0.11491633120155041,0
485,486,0,3,466,0,-0.022874157010690743,0.3096240179573513,0.10306771417882528,488,-0.013150739736432427,2
486,487,1,1,381,0,0.06614684308656313,0.0596240179573513,-0.06359895248784138,93,0.11280987308829042,2
487,488,0,1,435,1,0.35516418412702555,-0.0653759820426487,-0.06359895248784138,61,-0.004887888429108933,0
488,489,0,3,774,1,0.0033169863386365186,-0.0653759820426487,-0.06359895248784138,517,-0.04714587411487504,2
489,490,1,3,182,1,-0.2605684120026553,0.0596240179573513,0.10306771417882528,562,-0.03182369454751874,2
490,491,0,3,317,1,0.012447981458157483,0.0596240179573513,-0.06359895248784138,498,-0.02388602478362474,2
491,492,0,3,871,1,-0.1097767558076314,-0.0653759820426487,-0.06359895248784138,649,-0.048707370121739375,2
492,493,0,1,547,1,0.3174662700782696,-0.0653759820426487,-0.06359895248784138,41,-0.0033263924222445957,2
493,494,0,1,39,1,0.5185218116716348,-0.0653759820426487,-0.06359895248784138,603,0.033767335594819425,0
494,495,0,3,781,1,-0.1097767558076314,-0.0653759820426487,-0.06359895248784138,518,-0.04714587411487504,2
495,496,0,3,880,1,0.012447981458157483,-0.0653759820426487,-0.06359895248784138,176,-0.034637705538889126,0
496,497,1,1,242,0,0.3049002987286843,0.0596240179573513,-0.06359895248784138,454,0.08990799671661377,0
497,498,0,3,738,1,0.012447981458157483,-0.0653759820426487,-0.06359895248784138,564,-0.03338519055438307,2
498,499,0,1,18,0,-0.0595128704092901,0.0596240179573513,0.26973438084549195,37,0.23294747211641534,2
499,500,0,3,796,1,-0.07207884175887543,-0.0653759820426487,-0.06359895248784138,402,-0.04764203947105618,2
500,501,0,3,130,1,-0.1600406412059727,-0.0653759820426487,-0.06359895248784138,261,-0.045950353734619524,2
501,502,0,3,133,0,-0.1097767558076314,-0.0653759820426487,-0.06359895248784138,433,-0.047731435117449164,1
502,503,0,3,607,0,-0.022874157010690743,-0.0653759820426487,-0.06359895248784138,276,-0.047967221014485674,1
503,504,0,3,450,0,0.09127878578573378,-0.0653759820426487,-0.06359895248784138,490,-0.04414487397668264,2
504,505,1,1,501,0,-0.172606612555558,-0.0653759820426487,-0.06359895248784138,0,0.10597832805825895,2
505,506,0,1,646,1,-0.14747466985638735,0.0596240179573513,-0.06359895248784138,611,0.14970021625046037,0
506,507,1,2,670,0,0.041014900387392486,-0.0653759820426487,0.26973438084549195,180,-0.012109807460856489,2
507,508,1,1,106,1,0.012447981458157483,-0.0653759820426487,-0.06359895248784138,10,-0.011036278956137255,2
508,509,0,3,610,1,-0.021814956360534127,-0.0653759820426487,-0.06359895248784138,542,-0.01889255574067345,2
509,510,1,3,455,1,-0.046946899059704776,-0.0653759820426487,-0.06359895248784138,80,0.04741402994681031,2
510,511,1,3,195,1,-0.009248985010948804,-0.0653759820426487,-0.06359895248784138,479,-0.047731435117449164,1
511,512,0,3,849,1,0.012447981458157483,-0.0653759820426487,-0.06359895248784138,648,-0.04714587411487504,2
512,513,1,1,521,1,0.07871281443614846,-0.0653759820426487,-0.06359895248784138,577,-0.011548644833389615,2
513,514,1,1,705,0,0.3049002987286843,0.0596240179573513,-0.06359895248784138,599,0.053082650825729556,0
514,515,0,3,168,1,-0.07207884175887543,-0.0653759820426487,-0.06359895248784138,356,-0.048227600473630304,2
515,516,0,1,843,1,0.216938499281587,-0.0653759820426487,-0.06359895248784138,456,0.0035457515039653514,2
516,517,1,2,472,0,0.053580871736977814,-0.0653759820426487,-0.06359895248784138,560,-0.042363792593853006,2
517,518,0,3,709,1,0.012447981458157483,-0.0653759820426487,-0.06359895248784138,469,-0.01572076697673027,1
518,519,1,2,35,0,0.07871281443614846,0.0596240179573513,-0.06359895248784138,110,-0.012109807460856489,2
519,520,0,3,641,1,0.028448929037807165,-0.0653759820426487,-0.06359895248784138,381,-0.047446852470198135,2
520,521,1,1,651,0,0.0033169863386365186,-0.0653759820426487,-0.06359895248784138,67,0.1196414181183219,2
521,522,0,3,841,1,-0.09721078445804607,-0.0653759820426487,-0.06359895248784138,390,-0.047446852470198135,2
522,523,0,3,448,1,0.012447981458157483,-0.0653759820426487,-0.06359895248784138,173,-0.04875616687195388,0
523,524,1,1,364,0,0.17924058523283104,-0.0653759820426487,0.10306771417882528,7,0.05030943391753849,0
524,525,0,3,427,1,0.012447981458157483,-0.0653759820426487,-0.06359895248784138,217,-0.04874796901791785,0
525,526,0,3,244,1,0.1352596855092824,-0.0653759820426487,-0.06359895248784138,446,-0.047731435117449164,1
526,527,1,2,689,0,0.254636413330343,-0.0653759820426487,-0.06359895248784138,673,-0.042363792593853006,2
527,528,0,1,245,1,0.012447981458157483,-0.0653759820426487,-0.06359895248784138,583,0.3700257413230114,2
528,529,0,3,725,1,0.11641072848490443,-0.0653759820426487,-0.06359895248784138,250,-0.047389857865947585,2
529,530,0,2,366,1,-0.08464481310846074,0.18462401795735128,0.10306771417882528,235,-0.04041192258527258,2
530,531,1,2,669,0,-0.34853021144975255,0.0596240179573513,0.10306771417882528,180,-0.012109807460856489,2
531,532,0,3,818,1,0.012447981458157483,-0.0653759820426487,-0.06359895248784138,181,-0.04874796901791785,0
532,533,0,3,236,1,-0.1600406412059727,0.0596240179573513,0.10306771417882528,210,-0.04874796901791785,0
533,534,1,3,654,0,-0.022874157010690743,-0.0653759820426487,0.26973438084549195,196,-0.019217932471103805,0
534,535,0,3,123,0,0.0033169863386365186,-0.0653759820426487,-0.06359895248784138,260,-0.045950353734619524,2
535,536,1,2,341,0,-0.2857003547018259,-0.0653759820426487,0.26973438084549195,571,-0.011621839958711383,2
536,537,0,1,120,1,0.19180655658241635,-0.0653759820426487,-0.06359895248784138,21,-0.011036278956137255,2
537,538,1,1,461,0,0.0033169863386365186,-0.0653759820426487,-0.06359895248784138,614,0.14486933797922383,0
538,539,0,3,692,1,0.012447981458157483,-0.0653759820426487,-0.06359895248784138,426,-0.03455631255953132,2
539,540,1,1,266,0,-0.09721078445804607,-0.0653759820426487,0.26973438084549195,75,0.033759137740783395,0
540,541,1,1,188,0,0.07871281443614846,-0.0653759820426487,0.26973438084549195,680,0.07572434292526244,2
541,542,0,3,26,0,-0.2605684120026553,0.4346240179573513,0.26973438084549195,333,-0.0018136931655947724,2
542,543,0,3,27,0,-0.23543646930348464,0.4346240179573513,0.26973438084549195,333,-0.0018136931655947724,2
543,544,1,2,73,1,0.028448929037807165,0.0596240179573513,-0.06359895248784138,233,-0.012109807460856489,2
544,545,0,1,222,1,0.254636413330343,0.0596240179573513,-0.06359895248784138,614,0.14486933797922383,0
545,546,0,1,587,1,0.43056001222453755,-0.0653759820426487,-0.06359895248784138,501,-0.012109807460856489,2
546,547,1,2,74,0,-0.13490869850680204,0.0596240179573513,-0.06359895248784138,233,-0.012109807460856489,2
547,548,1,2,622,1,0.012447981458157483,-0.0653759820426487,-0.06359895248784138,631,-0.03580062969000134,0
548,549,0,3,294,1,0.041014900387392486,0.0596240179573513,0.10306771417882528,423,-0.022796295757834293,2
549,550,1,2,203,1,-0.2731343833522406,0.0596240179573513,0.10306771417882528,558,0.008872795131383032,2
550,551,1,1,804,1,-0.1600406412059727,-0.0653759820426487,0.26973438084549195,83,0.15357136003847793,0
551,552,0,2,736,1,-0.03438092771011945,-0.0653759820426487,-0.06359895248784138,148,-0.012109807460856489,2
552,553,0,3,600,1,0.012447981458157483,-0.0653759820426487,-0.06359895248784138,284,-0.04757684701276959,1
553,554,1,3,463,1,-0.09721078445804607,-0.0653759820426487,-0.06359895248784138,171,-0.04875616687195388,0
554,555,1,3,609,0,-0.09721078445804607,-0.0653759820426487,-0.06359895248784138,335,-0.04768263836723465,2
555,556,0,1,874,1,0.4054280695253669,-0.0653759820426487,-0.06359895248784138,52,-0.011036278956137255,2
556,557,1,1,228,0,0.22950447063117232,0.0596240179573513,-0.06359895248784138,57,0.014435624655837235,0
557,558,0,1,693,1,0.012447981458157483,-0.0653759820426487,-0.06359895248784138,610,0.38124079601831273,0
558,559,1,1,800,0,0.11641072848490443,0.0596240179573513,0.10306771417882528,1,0.09260801849948308,2
559,560,1,3,885,0,0.07871281443614846,0.0596240179573513,-0.06359895248784138,300,-0.028895889534648108,2
560,561,0,3,558,1,0.012447981458157483,-0.0653759820426487,-0.06359895248784138,471,-0.047731435117449164,1
561,562,0,3,751,1,0.12897669983448976,-0.0653759820426487,-0.06359895248784138,389,-0.047446852470198135,2
562,563,0,2,593,1,-0.021814956360534127,-0.0653759820426487,-0.06359895248784138,103,-0.036508182568111745,2
563,564,0,3,746,1,0.012447981458157483,-0.0653759820426487,-0.06359895248784138,651,-0.04714587411487504,2
564,565,0,3,527,0,-0.022874157010690743,-0.0653759820426487,-0.06359895248784138,645,-0.04714587411487504,2
565,566,0,3,204,1,-0.07207884175887543,0.18462401795735128,-0.06359895248784138,519,-0.01572076697673027,2
566,567,0,3,786,1,-0.13490869850680204,-0.0653759820426487,-0.06359895248784138,352,-0.047446852470198135,2
567,568,0,3,627,0,-0.009248985010948804,-0.0653759820426487,0.6030677141788253,395,-0.02172276725311506,2
568,569,0,3,217,1,0.012447981458157483,-0.0653759820426487,-0.06359895248784138,207,-0.04874796901791785,0
569,570,1,3,416,1,0.028448929037807165,-0.0653759820426487,-0.06359895248784138,415,-0.047528050262555084,2
570,571,1,2,336,1,0.4054280695253669,-0.0653759820426487,-0.06359895248784138,624,-0.042363792593853006,2
571,572,1,1,36,0,0.292334327379099,0.18462401795735128,-0.06359895248784138,60,0.03762227886176576,2
572,573,1,1,251,1,0.07871281443614846,-0.0653759820426487,-0.06359895248784138,578,-0.011353457832531576,2
573,574,1,3,432,0,-0.022874157010690743,-0.0653759820426487,-0.06359895248784138,77,-0.047731435117449164,1
574,575,0,3,708,1,-0.172606612555558,-0.0653759820426487,-0.06359895248784138,520,-0.04714587411487504,2
575,576,0,3,639,1,-0.13490869850680204,-0.0653759820426487,-0.06359895248784138,420,-0.03455631255953132,2
576,577,1,2,277,0,0.053580871736977814,-0.0653759820426487,-0.06359895248784138,143,-0.037484117572401957,2
577,578,1,1,745,0,0.11641072848490443,0.0596240179573513,-0.06359895248784138,72,0.046251105795698084,2
578,579,0,3,135,0,-0.022874157010690743,0.0596240179573513,-0.06359895248784138,209,-0.034637705538889126,0
579,580,1,3,419,1,0.028448929037807165,-0.0653759820426487,-0.06359895248784138,661,-0.047389857865947585,2
580,581,1,2,160,0,-0.0595128704092901,0.0596240179573513,0.10306771417882528,133,-0.004302327426534806,2
581,582,1,1,805,0,0.11641072848490443,0.0596240179573513,0.10306771417882528,83,0.15357136003847793,0
582,583,0,2,224,1,0.3049002987286843,-0.0653759820426487,-0.06359895248784138,226,-0.012109807460856489,2
583,584,0,1,703,1,0.07871281443614846,-0.0653759820426487,-0.06359895248784138,68,0.015460356410341951,0
584,585,0,3,640,1,0.012447981458157483,-0.0653759820426487,-0.06359895248784138,291,-0.04585276023419051,0
585,586,1,1,798,0,-0.14747466985638735,-0.0653759820426487,0.26973438084549195,1,0.09260801849948308,2
586,587,0,2,395,1,0.216938499281587,-0.0653759820426487,-0.06359895248784138,129,-0.03358037755524111,2
587,588,1,1,267,1,0.38029612682619623,0.0596240179573513,0.10306771417882528,74,0.09172967699562189,0
588,589,0,3,284,1,-0.09721078445804607,-0.0653759820426487,-0.06359895248784138,79,-0.04714587411487504,2
589,590,0,3,566,1,0.012447981458157483,-0.0653759820426487,-0.06359895248784138,515,-0.04714587411487504,2
590,591,0,3,691,1,0.06614684308656313,-0.0653759820426487,-0.06359895248784138,656,-0.04895135387281192,2
591,592,1,1,783,0,0.2797683560295136,0.0596240179573513,-0.06359895248784138,454,0.08990799671661377,0
592,593,0,3,238,1,0.216938499281587,-0.0653759820426487,-0.06359895248784138,532,-0.048707370121739375,2
593,594,0,3,100,0,-0.022874157010690743,-0.0653759820426487,0.26973438084549195,434,-0.047731435117449164,1
594,595,0,2,154,1,0.09127878578573378,0.0596240179573513,-0.06359895248784138,626,-0.012109807460856489,2
595,596,0,3,830,1,0.07871281443614846,0.0596240179573513,0.10306771417882528,307,-0.01572076697673027,2
596,597,1,2,470,0,-0.022874157010690743,-0.0653759820426487,-0.06359895248784138,155,0.0015532825992064557,2
597,598,0,3,409,1,0.24207044198075767,-0.0653759820426487,-0.06359895248784138,574,-0.06285842768394742,2
598,599,0,3,98,1,0.012447981458157483,-0.0653759820426487,-0.06359895248784138,192,-0.04875616687195388,0
599,600,1,1,229,1,0.24207044198075767,0.0596240179573513,-0.06359895248784138,584,0.04825997040852906,0
600,601,1,2,391,0,-0.07207884175887543,0.18462401795735128,0.10306771417882528,142,-0.010157937452276068,2
601,602,0,3,761,1,0.012447981458157483,-0.0653759820426487,-0.06359895248784138,360,-0.047446852470198135,2
602,603,0,1,335,1,0.012447981458157483,-0.0653759820426487,-0.06359895248784138,46,0.019900860679862405,2
603,604,0,3,816,1,0.17924058523283104,-0.0653759820426487,-0.06359895248784138,430,-0.04714587411487504,2
604,605,1,1,374,1,0.06614684308656313,-0.0653759820426487,-0.06359895248784138,9,-0.011036278956137255,0
605,606,0,3,483,1,0.07871281443614846,0.0596240179573513,-0.06359895248784138,396,-0.03250684905052188,2
606,607,0,3,424,1,0.0033169863386365186,-0.0653759820426487,-0.06359895248784138,385,-0.047446852470198135,2
607,608,1,1,199,1,-0.03438092771011945,-0.0653759820426487,-0.06359895248784138,50,-0.0033263924222445957,2
608,609,1,2,458,0,-0.09721078445804607,0.0596240179573513,0.26973438084549195,634,0.0182987657768196,0
609,610,1,1,741,0,0.12897669983448976,-0.0653759820426487,-0.06359895248784138,588,0.23668042350782537,2
610,611,0,3,30,0,0.11641072848490443,0.0596240179573513,0.7697343808454921,333,-0.0018136931655947724,2
611,612,0,3,394,1,0.012447981458157483,-0.0653759820426487,-0.06359895248784138,638,-0.04909774412345545,2
612,613,1,3,568,0,-0.022874157010690743,0.0596240179573513,-0.06359895248784138,444,-0.0326044425509509,1
613,614,0,3,377,1,0.012447981458157483,-0.0653759820426487,-0.06359895248784138,467,-0.047731435117449164,1
614,615,0,3,110,1,0.06614684308656313,-0.0653759820426487,-0.06359895248784138,431,-0.04714587411487504,2
615,616,1,2,357,0,-0.07207884175887543,0.0596240179573513,0.26973438084549195,106,0.06401312287377992,2
616,617,0,3,197,1,0.053580871736977814,0.0596240179573513,0.10306771417882528,331,-0.034751499560389365,2
617,618,0,3,488,0,-0.046946899059704776,0.0596240179573513,-0.06359895248784138,536,-0.03143332054580265,2
618,619,1,2,77,0,-0.32339826875058186,0.18462401795735128,0.10306771417882528,114,0.01326450265068898,2
619,620,0,2,279,1,-0.046946899059704776,-0.0653759820426487,-0.06359895248784138,253,-0.042363792593853006,2
620,621,0,3,875,1,-0.03438092771011945,0.0596240179573513,-0.06359895248784138,188,-0.03464570820592431,0
621,622,1,1,439,1,0.15410864253366038,0.0596240179573513,-0.06359895248784138,56,0.03972053912098972,2
622,623,1,3,573,1,-0.12234272715721671,0.0596240179573513,0.10306771417882528,187,-0.03213267556987701,0
623,624,0,3,327,1,-0.1097767558076314,-0.0653759820426487,-0.06359895248784138,400,-0.047528050262555084,2
624,625,0,3,103,1,-0.1097767558076314,-0.0653759820426487,-0.06359895248784138,495,-0.03143332054580265,2
625,626,0,1,794,1,0.39286209817578155,-0.0653759820426487,-0.06359895248784138,455,0.0002275724893786311,2
626,627,0,2,442,1,0.34259821277744024,-0.0653759820426487,-0.06359895248784138,104,-0.03875283307797923,1
627,628,1,1,490,0,-0.1097767558076314,-0.0653759820426487,-0.06359895248784138,71,0.08930604000596756,2
628,629,0,3,96,1,-0.046946899059704776,-0.0653759820426487,-0.06359895248784138,369,-0.047446852470198135,2
629,630,0,3,602,1,0.012447981458157483,-0.0653759820426487,-0.06359895248784138,286,-0.047764031346592455,1
630,631,1,1,66,1,0.6316155538179027,-0.0653759820426487,-0.06359895248784138,218,-0.004302327426534806,2
631,632,0,3,494,1,0.2672023846799283,-0.0653759820426487,-0.06359895248784138,345,-0.049089546269419415,2
632,633,1,1,777,1,0.028448929037807165,-0.0653759820426487,-0.06359895248784138,70,-0.0033263924222445957,0
633,634,0,1,635,1,0.012447981458157483,-0.0653759820426487,-0.06359895248784138,13,-0.06285842768394742,2
634,635,0,3,757,0,-0.2605684120026553,0.3096240179573513,0.26973438084549195,337,-0.008401254444553691,2
635,636,1,2,206,0,-0.021814956360534127,-0.0653759820426487,-0.06359895248784138,130,-0.037484117572401957,2
636,637,0,3,469,1,0.028448929037807165,-0.0653759820426487,-0.06359895248784138,664,-0.047389857865947585,2
637,638,0,2,173,1,0.01588295768822184,0.0596240179573513,0.10306771417882528,556,-0.011621839958711383,2
638,639,0,3,633,0,0.14154267118407507,-0.0653759820426487,0.7697343808454921,249,0.014606413281588017,2
639,640,0,3,809,1,0.012447981458157483,0.0596240179573513,-0.06359895248784138,476,-0.03143332054580265,2
640,641,0,3,397,1,-0.12234272715721671,-0.0653759820426487,-0.06359895248784138,409,-0.047528050262555084,2
641,642,1,1,723,0,-0.07207884175887543,-0.0653759820426487,-0.06359895248784138,581,0.07240616391067571,0
642,643,0,3,758,0,-0.34853021144975255,0.3096240179573513,0.26973438084549195,337,-0.008401254444553691,2
643,644,1,3,252,1,0.012447981458157483,-0.0653759820426487,-0.06359895248784138,80,0.04741402994681031,2
644,645,1,3,53,0,-0.3642376756367342,0.18462401795735128,0.10306771417882528,194,-0.02526872949770311,0
645,646,1,1,332,1,0.22950447063117232,0.0596240179573513,-0.06359895248784138,587,0.0869069965784214,0
646,647,0,3,180,1,-0.13490869850680204,-0.0653759820426487,-0.06359895248784138,373,-0.047446852470198135,2
647,648,1,1,747,1,0.3300322414278549,-0.0653759820426487,-0.06359895248784138,69,0.006432957620657507,0
648,649,0,3,865,1,0.012447981458157483,-0.0653759820426487,-0.06359895248784138,620,-0.04812180911916524,2
649,650,1,3,780,0,-0.08464481310846074,-0.0653759820426487,-0.06359895248784138,567,-0.04812180911916524,2
650,651,0,3,544,1,0.012447981458157483,-0.0653759820426487,-0.06359895248784138,366,-0.047446852470198135,2
651,652,1,2,218,0,-0.14747466985638735,-0.0653759820426487,0.10306771417882528,117,-0.01796541748659775,2
652,653,0,3,421,1,-0.1097767558076314,-0.0653759820426487,-0.06359895248784138,512,-0.04639772234058616,2
653,654,1,3,606,0,-0.022874157010690743,-0.0653759820426487,-0.06359895248784138,277,-0.04757684701276959,1
654,655,0,3,352,0,-0.14747466985638735,-0.0653759820426487,-0.06359895248784138,439,-0.04968330512602958,1
655,656,0,2,360,1,-0.07207884175887543,0.18462401795735128,-0.06359895248784138,621,0.08060401794671349,2
656,657,0,3,671,1,0.012447981458157483,-0.0653759820426487,-0.06359895248784138,368,-0.047446852470198135,2
657,658,0,3,102,0,0.028448929037807165,0.0596240179573513,0.10306771417882528,435,-0.0326044425509509,1
658,659,0,2,232,1,-0.08464481310846074,-0.0653759820426487,-0.06359895248784138,241,-0.037484117572401957,2
659,660,0,1,584,1,0.35516418412702555,-0.0653759820426487,0.26973438084549195,416,0.1582396475379997,0
660,661,1,1,264,1,0.254636413330343,0.18462401795735128,-0.06359895248784138,605,0.19800899896282578,2
661,662,0,3,57,1,0.12897669983448976,-0.0653759820426487,-0.06359895248784138,172,-0.04875616687195388,0
662,663,0,1,171,1,0.216938499281587,-0.0653759820426487,-0.06359895248784138,496,-0.012914953839395914,2
663,664,0,3,167,1,0.07871281443614846,-0.0653759820426487,-0.06359895248784138,357,-0.048227600473630304,2
664,665,1,3,484,1,-0.12234272715721671,0.0596240179573513,-0.06359895248784138,660,-0.047389857865947585,2
665,666,0,2,361,1,0.028448929037807165,0.18462401795735128,-0.06359895248784138,621,0.08060401794671349,2
666,667,0,2,119,1,-0.0595128704092901,-0.0653759820426487,-0.06359895248784138,123,-0.037484117572401957,2
667,668,0,3,699,1,0.012447981458157483,-0.0653759820426487,-0.06359895248784138,256,-0.04768263836723465,2
668,669,0,3,179,1,0.16667461388324573,-0.0653759820426487,-0.06359895248784138,529,-0.04714587411487504,2
669,670,1,1,802,0,-0.022874157010690743,0.0596240179573513,-0.06359895248784138,99,0.038638812762234444,2
670,671,1,2,114,0,0.12897669983448976,0.0596240179573513,0.10306771417882528,240,0.01326450265068898,2
671,672,0,1,202,1,0.01588295768822184,0.0596240179573513,-0.06359895248784138,569,0.038638812762234444,2
672,673,0,2,543,1,0.5059558403220495,-0.0653759820426487,-0.06359895248784138,550,-0.042363792593853006,2
673,674,1,2,864,1,0.01588295768822184,-0.0653759820426487,-0.06359895248784138,145,-0.037484117572401957,2
674,675,0,2,846,1,0.012447981458157483,-0.0653759820426487,-0.06359895248784138,138,-0.06285842768394742,2
675,676,0,3,231,1,-0.14747466985638735,-0.0653759820426487,-0.06359895248784138,397,-0.04768263836723465,2
676,677,0,3,730,1,-0.06579585608408275,-0.0653759820426487,-0.06359895248784138,294,-0.04714587411487504,2
677,678,1,3,824,0,-0.14747466985638735,-0.0653759820426487,-0.06359895248784138,493,-0.0436487086205015,2
678,679,0,3,302,0,0.16667461388324573,0.0596240179573513,0.9364010475121587,566,0.0286842757184743,2
679,680,1,1,137,1,0.07871281443614846,-0.0653759820426487,0.10306771417882528,608,0.9371415723160527,0
680,681,0,3,655,0,-0.022874157010690743,-0.0653759820426487,-0.06359895248784138,281,-0.04697508548912425,1
681,682,1,1,345,1,-0.03438092771011945,-0.0653759820426487,-0.06359895248784138,587,0.0869069965784214,0
682,683,0,3,615,1,-0.12234272715721671,-0.0653759820426487,-0.06359895248784138,500,-0.044852426854793036,2
683,684,0,3,301,1,-0.19773855525472867,0.5596240179573513,0.26973438084549195,566,0.0286842757184743,2
684,685,0,2,112,1,0.38029612682619623,0.0596240179573513,0.10306771417882528,240,0.01326450265068898,2
685,686,0,2,457,1,-0.0595128704092901,0.0596240179573513,0.26973438084549195,634,0.0182987657768196,0
686,687,0,3,632,1,-0.19773855525472867,0.4346240179573513,0.10306771417882528,249,0.014606413281588017,2
687,688,0,3,194,1,-0.13490869850680204,-0.0653759820426487,-0.06359895248784138,372,-0.04300634820067768,2
688,689,0,3,247,1,-0.14747466985638735,-0.0653759820426487,-0.06359895248784138,403,-0.04764203947105618,2
689,690,1,1,498,0,-0.18517258390514332,-0.0653759820426487,0.10306771417882528,141,0.3496449002544172,2
690,691,1,1,213,1,0.01588295768822184,0.0596240179573513,-0.06359895248784138,89,0.04839816280513655,2
691,692,1,3,426,0,-0.32339826875058186,-0.0653759820426487,0.10306771417882528,393,-0.0366707733398265,0
692,693,1,3,452,1,0.012447981458157483,-0.0653759820426487,-0.06359895248784138,80,0.04741402994681031,2
693,694,0,3,713,1,-0.0595128704092901,-0.0653759820426487,-0.06359895248784138,200,-0.04875616687195388,0
694,695,0,1,850,1,0.38029612682619623,-0.0653759820426487,-0.06359895248784138,48,-0.011036278956137255,2
695,696,0,2,153,1,0.2797683560295136,-0.0653759820426487,-0.06359895248784138,156,-0.036508182568111745,2
696,697,0,3,433,1,0.17924058523283104,-0.0653759820426487,-0.06359895248784138,425,-0.04714587411487504,2
697,698,1,3,565,0,-0.022874157010690743,-0.0653759820426487,-0.06359895248784138,419,-0.047764031346592455,1
698,699,0,1,803,1,0.24207044198075767,0.0596240179573513,0.10306771417882528,83,0.15357136003847793,0
699,700,0,3,382,1,0.15410864253366038,-0.0653759820426487,-0.06359895248784138,346,-0.047926622118307206,2
700,701,1,1,45,0,-0.14747466985638735,0.0596240179573513,-0.06359895248784138,610,0.38124079601831273,0
701,702,1,1,743,1,0.06614684308656313,-0.0653759820426487,-0.06359895248784138,579,-0.011548644833389615,2
702,703,0,3,63,0,-0.14747466985638735,-0.0653759820426487,0.10306771417882528,211,-0.03464570820592431,0
703,704,0,3,275,1,-0.0595128704092901,-0.0653759820426487,-0.06359895248784138,449,-0.04774763563852038,1
704,705,0,3,326,1,-0.046946899059704776,0.0596240179573513,-0.06359895248784138,398,-0.047528050262555084,2
705,706,0,2,556,1,0.11641072848490443,-0.0653759820426487,-0.06359895248784138,170,-0.012109807460856489,2
706,707,1,2,434,0,0.19180655658241635,-0.0653759820426487,-0.06359895248784138,108,-0.036508182568111745,2
707,708,1,1,126,1,0.15410864253366038,-0.0653759820426487,-0.06359895248784138,580,-0.011548644833389615,2
708,709,1,1,163,0,-0.09721078445804607,-0.0653759820426487,-0.06359895248784138,37,0.23294747211641534,2
709,710,1,3,561,1,0.012447981458157483,0.0596240179573513,0.10306771417882528,189,-0.03310060790713205,0
710,711,1,1,514,0,-0.07207884175887543,-0.0653759820426487,-0.06359895248784138,582,0.033767335594819425,0
711,712,0,1,443,1,0.012447981458157483,-0.0653759820426487,-0.06359895248784138,19,-0.011036278956137255,2
712,713,1,1,801,1,0.22950447063117232,0.0596240179573513,-0.06359895248784138,99,0.038638812762234444,2
713,714,0,3,459,1,-0.009248985010948804,-0.0653759820426487,-0.06359895248784138,506,-0.04434825883157672,2
714,715,0,2,307,1,0.2797683560295136,-0.0653759820426487,-0.06359895248784138,164,-0.037484117572401957,2
715,716,0,3,773,1,-0.13490869850680204,-0.0653759820426487,-0.06359895248784138,348,-0.047926622118307206,2
716,717,1,1,241,0,0.1038447571353191,-0.0653759820426487,-0.06359895248784138,610,0.38124079601831273,0
717,718,1,2,822,0,-0.03438092771011945,-0.0653759820426487,-0.06359895248784138,293,-0.042363792593853006,2
718,719,0,3,520,1,0.012447981458157483,-0.0653759820426487,-0.06359895248784138,440,-0.0326044425509509,1
719,720,0,3,410,1,0.041014900387392486,-0.0653759820426487,-0.06359895248784138,319,-0.04768263836723465,2
720,721,1,2,331,0,-0.29826632605141123,-0.0653759820426487,0.10306771417882528,155,0.0015532825992064557,2
721,722,0,3,399,1,-0.1600406412059727,0.0596240179573513,-0.06359895248784138,408,-0.049089546269419415,2
722,723,0,2,286,1,0.053580871736977814,-0.0653759820426487,-0.06359895248784138,65,-0.037484117572401957,2
723,724,0,2,368,1,0.254636413330343,-0.0653759820426487,-0.06359895248784138,161,-0.037484117572401957,2
724,725,1,1,151,1,-0.03438092771011945,0.0596240179573513,-0.06359895248784138,51,0.04078586977167291,2
725,726,0,3,617,1,-0.12234272715721671,-0.0653759820426487,-0.06359895248784138,266,-0.045950353734619524,2
726,727,1,2,677,0,0.0033169863386365186,0.3096240179573513,-0.06359895248784138,252,-0.02186915750375859,2
727,728,1,3,507,0,-0.022874157010690743,-0.0653759820426487,-0.06359895248784138,451,-0.04775583349255642,1
728,729,0,2,115,1,-0.0595128704092901,0.0596240179573513,-0.06359895248784138,127,-0.012109807460856489,2
729,730,0,3,387,0,-0.0595128704092901,0.0596240179573513,-0.06359895248784138,667,-0.047389857865947585,2
730,731,1,1,14,0,-0.009248985010948804,-0.0653759820426487,-0.06359895248784138,141,0.3496449002544172,2
731,732,0,3,346,1,-0.23543646930348464,-0.0653759820426487,-0.06359895248784138,216,-0.02618766989774277,0
732,733,0,2,445,1,0.012447981458157483,-0.0653759820426487,-0.06359895248784138,137,-0.06285842768394742,2
733,734,0,2,84,1,-0.08464481310846074,-0.0653759820426487,-0.06359895248784138,228,-0.037484117572401957,2
734,735,0,2,820,1,-0.08464481310846074,-0.0653759820426487,-0.06359895248784138,119,-0.037484117572401957,2
735,736,0,3,869,1,-0.015531970685741466,-0.0653759820426487,-0.06359895248784138,495,-0.03143332054580265,2
736,737,0,3,256,0,0.22950447063117232,0.0596240179573513,0.43640104751215864,676,0.004237103861004534,2
737,738,1,1,476,1,0.06614684308656313,-0.0653759820426487,-0.06359895248784138,608,0.9371415723160527,0
738,739,0,3,389,1,0.012447981458157483,-0.0653759820426487,-0.06359895248784138,349,-0.047446852470198135,2
739,740,0,3,574,1,0.012447981458157483,-0.0653759820426487,-0.06359895248784138,364,-0.047446852470198135,2
740,741,1,1,347,1,0.012447981458157483,-0.0653759820426487,-0.06359895248784138,82,-0.004302327426534806,2
741,742,0,1,148,1,0.07871281443614846,0.0596240179573513,-0.06359895248784138,91,0.09104652249261873,2
742,743,1,1,711,0,-0.1097767558076314,0.18462401795735128,0.26973438084549195,602,0.44926346581734045,0
743,744,0,3,526,1,-0.07207884175887543,0.0596240179573513,-0.06359895248784138,477,-0.03143332054580265,2
744,745,1,3,788,1,0.01588295768822184,-0.0653759820426487,-0.06359895248784138,662,-0.047389857865947585,2
745,746,0,1,187,1,0.5059558403220495,0.0596240179573513,0.10306771417882528,680,0.07572434292526244,2
746,747,0,3,1,1,-0.172606612555558,0.0596240179573513,0.10306771417882528,551,-0.023333060010193904,2
747,748,1,2,748,0,0.0033169863386365186,-0.0653759820426487,-0.06359895248784138,165,-0.037484117572401957,2
748,749,0,1,511,1,-0.13490869850680204,0.0596240179573513,-0.06359895248784138,35,0.04078586977167291,2
749,750,0,3,176,1,0.01588295768822184,-0.0653759820426487,-0.06359895248784138,287,-0.047731435117449164,1
750,751,1,2,852,0,-0.32339826875058186,0.0596240179573513,0.10306771417882528,234,-0.01796541748659775,2
751,752,1,3,549,1,-0.29826632605141123,-0.0653759820426487,0.10306771417882528,486,-0.03850884932690667,2
752,753,0,3,833,1,0.041014900387392486,-0.0653759820426487,-0.06359895248784138,312,-0.04431566260243343,2
753,754,0,3,415,1,-0.08464481310846074,-0.0653759820426487,-0.06359895248784138,351,-0.047446852470198135,2
754,755,1,2,358,0,0.22950447063117232,0.0596240179573513,0.26973438084549195,106,0.06401312287377992,2
755,756,1,2,321,1,-0.36524295334470097,0.0596240179573513,0.10306771417882528,166,-0.03455631255953132,2
756,757,0,3,138,1,-0.021814956360534127,-0.0653759820426487,-0.06359895248784138,404,-0.04764203947105618,2
757,758,0,2,58,1,-0.14747466985638735,-0.0653759820426487,-0.06359895248784138,238,-0.04041192258527258,2
758,759,0,3,806,1,0.053580871736977814,-0.0653759820426487,-0.06359895248784138,424,-0.04714587411487504,2
759,760,1,1,704,0,0.041014900387392486,-0.0653759820426487,-0.06359895248784138,0,0.10597832805825895,2
760,761,0,3,276,1,0.012447981458157483,-0.0653759820426487,-0.06359895248784138,420,-0.03455631255953132,2
761,762,0,3,591,1,0.14154267118407507,-0.0653759820426487,-0.06359895248784138,646,-0.04895135387281192,2
762,763,1,3,62,1,-0.12234272715721671,-0.0653759820426487,-0.06359895248784138,191,-0.04874796901791785,0
763,764,1,1,146,0,0.07871281443614846,0.0596240179573513,0.26973438084549195,33,0.17136597334570303,2
764,765,0,3,233,1,-0.172606612555558,-0.0653759820426487,-0.06359895248784138,327,-0.04768263836723465,2
765,766,1,1,369,0,0.2672023846799283,0.0596240179573513,-0.06359895248784138,71,0.08930604000596756,2
766,767,0,1,109,1,0.012447981458157483,-0.0653759820426487,-0.06359895248784138,18,0.014435624655837235,0
767,768,0,3,506,0,0.00959997201342918,-0.0653759820426487,-0.06359895248784138,436,-0.047731435117449164,1
768,769,0,3,553,1,0.012447981458157483,0.0596240179573513,-0.06359895248784138,469,-0.01572076697673027,1
769,770,0,3,309,1,0.028448929037807165,-0.0653759820426487,-0.06359895248784138,511,-0.04653591473719365,2
770,771,0,3,480,1,-0.07207884175887543,-0.0653759820426487,-0.06359895248784138,313,-0.04431566260243343,2
771,772,0,3,398,1,0.22950447063117232,-0.0653759820426487,-0.06359895248784138,407,-0.047528050262555084,2
772,773,0,2,496,0,0.34259821277744024,-0.0653759820426487,-0.06359895248784138,619,-0.042363792593853006,2
773,774,0,3,235,1,0.012447981458157483,-0.0653759820426487,-0.06359895248784138,201,-0.04875616687195388,0
774,775,1,2,367,0,0.3049002987286843,0.0596240179573513,0.43640104751215864,236,-0.01796541748659775,2
775,776,0,3,569,1,-0.14747466985638735,-0.0653759820426487,-0.06359895248784138,330,-0.047731435117449164,2
776,777,0,3,812,1,0.012447981458157483,-0.0653759820426487,-0.06359895248784138,481,-0.047731435117449164,1
777,778,1,3,239,0,-0.31083229740099655,-0.0653759820426487,-0.06359895248784138,432,-0.03850884932690667,2
778,779,0,3,438,1,0.012447981458157483,-0.0653759820426487,-0.06359895248784138,450,-0.04775583349255642,1
779,780,1,1,694,0,0.16667461388324573,-0.0653759820426487,0.10306771417882528,141,0.3496449002544172,2
780,781,1,3,50,0,-0.21030452660431398,-0.0653759820426487,-0.06359895248784138,208,-0.04874796901791785,0
781,782,1,1,214,0,-0.1600406412059727,0.0596240179573513,-0.06359895248784138,89,0.04839816280513655,2
782,783,0,1,489,1,-0.009248985010948804,-0.0653759820426487,-0.06359895248784138,26,-0.004302327426534806,2
783,784,0,3,414,1,0.012447981458157483,0.0596240179573513,0.26973438084549195,675,-0.017087075982736562,2
784,785,0,3,13,1,-0.0595128704092901,-0.0653759820426487,-0.06359895248784138,643,-0.04909774412345545,2
785,786,0,3,330,1,-0.0595128704092901,-0.0653759820426487,-0.06359895248784138,474,-0.048707370121739375,2
786,787,1,3,753,0,-0.14747466985638735,-0.0653759820426487,-0.06359895248784138,243,-0.048227600473630304,2
787,788,0,3,683,1,-0.2731343833522406,0.4346240179573513,0.10306771417882528,480,-0.0060102136840426736,1
788,789,1,3,208,1,-0.36109618279933786,0.0596240179573513,0.26973438084549195,548,-0.022698702257405272,2
789,790,0,1,310,1,0.2043725279320017,-0.0653759820426487,-0.06359895248784138,592,0.09172967699562189,0
790,791,0,3,429,1,0.012447981458157483,-0.0653759820426487,-0.06359895248784138,66,-0.047731435117449164,1
791,792,0,2,278,1,-0.172606612555558,-0.0653759820426487,-0.06359895248784138,139,-0.012109807460856489,2
792,793,0,3,719,0,-0.022874157010690743,0.9346240179573513,0.26973438084549195,568,0.07289413141282082,2
793,794,0,1,380,1,0.012447981458157483,-0.0653759820426487,-0.06359895248784138,597,-0.002944216274564552,0
794,795,0,3,201,1,-0.0595128704092901,-0.0653759820426487,-0.06359895248784138,350,-0.047446852470198135,2
795,796,0,2,621,1,0.11641072848490443,-0.0653759820426487,-0.06359895248784138,223,-0.037484117572401957,2
796,797,1,1,462,0,0.24207044198075767,-0.0653759820426487,-0.06359895248784138,87,-0.012247999857463979,2
797,798,1,3,619,0,0.01588295768822184,-0.0653759820426487,-0.06359895248784138,383,-0.04590975483844106,2
798,799,0,3,384,1,0.0033169863386365186,-0.0653759820426487,-0.06359895248784138,206,-0.04874796901791785,0
799,800,0,3,831,0,0.0033169863386365186,0.0596240179573513,0.10306771417882528,307,-0.01572076697673027,2
800,801,0,2,666,1,0.053580871736977814,-0.0653759820426487,-0.06359895248784138,164,-0.037484117572401957,2
801,802,1,2,174,0,0.01588295768822184,0.0596240179573513,0.10306771417882528,556,-0.011621839958711383,2
802,803,1,1,142,1,-0.23543646930348464,0.0596240179573513,0.26973438084549195,33,0.17136597334570303,2
803,804,1,3,807,1,-0.3683844461820973,-0.0653759820426487,0.10306771417882528,174,-0.04623493638187055,0
804,805,1,3,351,1,-0.03438092771011945,-0.0653759820426487,-0.06359895248784138,338,-0.04924413437409898,2
805,806,0,3,406,1,0.01588295768822184,-0.0653759820426487,-0.06359895248784138,320,-0.04768263836723465,2
806,807,0,1,34,1,0.11641072848490443,-0.0653759820426487,-0.06359895248784138,12,-0.06285842768394742,2
807,808,0,3,660,0,-0.14747466985638735,-0.0653759820426487,-0.06359895248784138,336,-0.04768263836723465,2
808,809,0,2,534,1,0.11641072848490443,-0.0653759820426487,-0.06359895248784138,154,-0.037484117572401957,2
809,810,1,1,152,0,0.041014900387392486,0.0596240179573513,-0.06359895248784138,51,0.04078586977167291,2
810,811,0,3,10,1,-0.046946899059704776,-0.0653759820426487,-0.06359895248784138,339,-0.04746305299126936,2
811,812,0,3,475,1,0.11641072848490443,-0.0653759820426487,-0.06359895248784138,519,-0.01572076697673027,2
812,813,0,2,763,1,0.06614684308656313,-0.0653759820426487,-0.06359895248784138,222,-0.042363792593853006,2
813,814,0,3,23,0,-0.29826632605141123,0.4346240179573513,0.26973438084549195,333,-0.0018136931655947724,2
814,815,0,3,814,1,0.00959997201342918,-0.0653759820426487,-0.06359895248784138,427,-0.04714587411487504,2
815,816,0,1,269,1,0.012447981458157483,-0.0653759820426487,-0.06359895248784138,15,-0.06285842768394742,2
816,817,0,3,354,0,-0.08464481310846074,-0.0653759820426487,-0.06359895248784138,671,-0.047389857865947585,2
817,818,0,2,504,1,0.01588295768822184,0.0596240179573513,0.10306771417882528,618,0.00936896048756417,0
818,819,0,3,371,1,0.16667461388324573,-0.0653759820426487,-0.06359895248784138,543,-0.05026886612860371,2
819,820,0,3,756,1,-0.24800244065306995,0.3096240179573513,0.26973438084549195,337,-0.008401254444553691,2
820,821,1,1,349,0,0.2797683560295136,0.0596240179573513,0.10306771417882528,67,0.1196414181183219,2
821,822,1,3,493,1,-0.03438092771011945,-0.0653759820426487,-0.06359895248784138,269,-0.045950353734619524,2
822,823,0,1,678,1,0.1038447571353191,-0.0653759820426487,-0.06359895248784138,97,-0.06285842768394742,2
823,824,1,3,550,0,-0.03438092771011945,-0.0653759820426487,0.10306771417882528,486,-0.03850884932690667,2
824,825,0,3,630,1,-0.34853021144975255,0.4346240179573513,0.10306771417882528,249,0.014606413281588017,2
825,826,0,3,250,1,0.012447981458157483,-0.0653759820426487,-0.06359895248784138,448,-0.0492929311243135,1
826,827,0,3,453,1,0.012447981458157483,-0.0653759820426487,-0.06359895248784138,80,0.04741402994681031,2
827,828,1,2,503,1,-0.36109618279933786,-0.0653759820426487,0.26973438084549195,618,0.00936896048756417,0
828,829,1,3,516,1,0.012447981458157483,-0.0653759820426487,-0.06359895248784138,442,-0.047731435117449164,1
829,830,1,1,785,0,0.4054280695253669,-0.0653759820426487,-0.06359895248784138,32,0.09329117300248622,2
830,831,1,3,876,0,-0.18517258390514332,0.0596240179573513,-0.06359895248784138,188,-0.03464570820592431,0
831,832,1,2,686,1,-0.3632323979287674,0.0596240179573513,0.10306771417882528,237,-0.026260865023064538,2
832,833,0,3,712,1,0.012447981458157483,-0.0653759820426487,-0.06359895248784138,199,-0.04874796901791785,0
833,834,0,3,49,1,-0.08464481310846074,-0.0653759820426487,-0.06359895248784138,342,-0.047528050262555084,2
834,835,0,3,19,1,-0.14747466985638735,-0.0653759820426487,-0.06359895248784138,107,-0.04665790661272993,2
835,836,1,1,175,0,0.11641072848490443,0.0596240179573513,0.10306771417882528,609,0.09945576405058576,0
836,837,0,3,638,1,-0.1097767558076314,-0.0653759820426487,-0.06359895248784138,268,-0.045950353734619524,2
837,838,0,3,750,1,0.012447981458157483,-0.0653759820426487,-0.06359895248784138,485,-0.04714587411487504,2
838,839,1,3,158,1,0.028448929037807165,-0.0653759820426487,-0.06359895248784138,80,0.04741402994681031,2
839,840,1,1,508,1,0.012447981458157483,-0.0653759820426487,-0.06359895248784138,62,-0.004887888429108933,0
840,841,0,3,11,1,-0.12234272715721671,-0.0653759820426487,-0.06359895248784138,647,-0.047389857865947585,2
841,842,0,2,564,1,-0.172606612555558,-0.0653759820426487,-0.06359895248784138,619,-0.042363792593853006,2
842,843,1,1,734,0,0.0033169863386365186,-0.0653759820426487,-0.06359895248784138,47,-0.0023504574179543853,0
843,844,0,3,471,1,0.05986385741177047,-0.0653759820426487,-0.06359895248784138,205,-0.050293264503710966,0
844,845,0,3,189,1,-0.1600406412059727,-0.0653759820426487,-0.06359895248784138,264,-0.045950353734619524,2
845,846,0,3,0,1,0.15410864253366038,-0.0653759820426487,-0.06359895248784138,563,-0.04812180911916524,2
846,847,0,3,720,1,0.012447981458157483,0.9346240179573513,0.26973438084549195,568,0.07289413141282082,2
847,848,0,3,509,1,0.06614684308656313,-0.0653759820426487,-0.06359895248784138,359,-0.047446852470198135,0
848,849,0,2,334,1,-0.021814956360534127,-0.0653759820426487,0.10306771417882528,155,0.0015532825992064557,2
849,850,1,1,291,0,-0.022874157010690743,0.0596240179573513,-0.06359895248784138,84,0.1110613879346041,0
850,851,0,3,22,1,-0.32339826875058186,0.4346240179573513,0.26973438084549195,333,-0.0018136931655947724,2
851,852,0,3,795,1,0.5562197257203908,-0.0653759820426487,-0.06359895248784138,317,-0.04768263836723465,2
852,853,0,3,97,0,-0.2605684120026553,0.0596240179573513,0.10306771417882528,203,-0.03310060790713205,0
853,854,1,1,485,0,-0.172606612555558,-0.0653759820426487,0.10306771417882528,591,0.014045250654121145,2
854,855,0,2,145,0,0.17924058523283104,0.0596240179573513,-0.06359895248784138,144,-0.012109807460856489,2
855,856,1,3,8,0,-0.14747466985638735,-0.0653759820426487,0.10306771417882528,484,-0.04460844310372049,2
856,857,1,1,860,0,0.19180655658241635,0.0596240179573513,0.10306771417882528,453,0.2589399394596782,2
857,858,1,1,196,1,0.2672023846799283,-0.0653759820426487,-0.06359895248784138,23,-0.011036278956137255,2
858,859,1,3,56,0,-0.07207884175887543,-0.0653759820426487,0.43640104751215864,194,-0.02526872949770311,0
859,860,0,3,672,1,0.012447981458157483,-0.0653759820426487,-0.06359895248784138,178,-0.04874796901791785,0
860,861,0,3,325,1,0.14154267118407507,0.18462401795735128,-0.06359895248784138,399,-0.03532086004189228,2
861,862,0,2,283,1,-0.1097767558076314,0.0596240179573513,-0.06359895248784138,221,-0.04041192258527258,2
862,863,1,1,797,0,0.22950447063117232,-0.0653759820426487,-0.06359895248784138,88,-0.012247999857463979,2
863,864,0,3,718,0,-0.022874157010690743,0.9346240179573513,0.26973438084549195,568,0.07289413141282082,2
864,865,0,2,285,1,-0.07207884175887543,-0.0653759820426487,-0.06359895248784138,120,-0.037484117572401957,2
865,866,1,2,122,0,0.15410864253366038,-0.0653759820426487,-0.06359895248784138,126,-0.037484117572401957,2
866,867,1,2,230,0,-0.03438092771011945,0.0596240179573513,-0.06359895248784138,632,-0.03580882754403738,0
867,868,0,1,696,1,0.01588295768822184,-0.0653759820426487,-0.06359895248784138,590,0.03570280989532778,2
868,869,0,3,890,1,0.012447981458157483,-0.0653759820426487,-0.06359895248784138,309,-0.04431566260243343,2
869,870,1,3,407,1,-0.32339826875058186,0.0596240179573513,0.10306771417882528,344,-0.041127673317419025,2
870,871,0,3,59,1,-0.046946899059704776,-0.0653759820426487,-0.06359895248784138,387,-0.047446852470198135,2
871,872,1,1,79,0,0.216938499281587,0.0596240179573513,0.10306771417882528,54,0.03972053912098972,2
872,873,0,1,139,1,0.041014900387392486,-0.0653759820426487,-0.06359895248784138,502,-0.053099077641045316,2
873,874,0,3,836,1,0.216938499281587,-0.0653759820426487,-0.06359895248784138,303,-0.04529159760672364,2
874,875,1,2,4,0,-0.021814956360534127,0.0596240179573513,-0.06359895248784138,575,-0.01601354747801733,0
875,876,1,3,571,0,-0.18517258390514332,-0.0653759820426487,-0.06359895248784138,195,-0.04875616687195388,0
876,877,0,3,311,1,-0.12234272715721671,-0.0653759820426487,-0.06359895248784138,504,-0.043640705953466315,2
877,878,0,3,657,1,-0.13490869850680204,-0.0653759820426487,-0.06359895248784138,358,-0.047446852470198135,2
878,879,0,3,451,1,0.012447981458157483,-0.0653759820426487,-0.06359895248784138,363,-0.047446852470198135,2
879,880,1,1,668,0,0.3300322414278549,-0.0653759820426487,0.10306771417882528,59,0.09945576405058576,0
880,881,1,2,739,0,-0.0595128704092901,-0.0653759820426487,0.10306771417882528,115,-0.012109807460856489,2
881,882,0,3,510,1,0.041014900387392486,-0.0653759820426487,-0.06359895248784138,394,-0.047446852470198135,2
882,883,0,3,193,0,-0.09721078445804607,-0.0653759820426487,-0.06359895248784138,508,-0.042331196364709715,2
883,884,0,2,61,1,-0.021814956360534127,-0.0653759820426487,-0.06359895248784138,565,-0.042363792593853006,2
884,885,0,3,793,1,-0.0595128704092901,-0.0653759820426487,-0.06359895248784138,650,-0.04909774412345545,2
885,886,0,3,684,0,0.11641072848490443,-0.0653759820426487,0.7697343808454921,480,-0.0060102136840426736,1
886,887,0,2,548,1,-0.03438092771011945,-0.0653759820426487,-0.06359895248784138,101,-0.037484117572401957,2
887,888,1,1,303,0,-0.13490869850680204,-0.0653759820426487,-0.06359895248784138,14,-0.004302327426534806,2
888,889,0,3,413,0,-0.022874157010690743,0.0596240179573513,0.26973438084549195,675,-0.017087075982736562,2
889,890,1,1,81,1,-0.046946899059704776,-0.0653759820426487,-0.06359895248784138,8,-0.004302327426534806,0
890,891,0,3,220,1,0.028448929037807165,-0.0653759820426487,-0.06359895248784138,466,-0.047731435117449164,1
